city,gu,dong,park_name,park_type,park_area,park_exercise_facility,park_entertainment_facility,park_benefit_facility,park_cultural_facitiy,park_facility_other,park_open_year,reference_date
부산광역시,남구,대연동,대연공원,근린공원,55227.0,,,,,,1944.0,2018-08-14
부산광역시,남구,대연동,당곡공원,역사공원,75465.0,,,,,,1944.0,2018-08-14
부산광역시,남구,대연동,대일어린이공원,어린이공원,422.1,,,,,,1965.0,2018-08-14
부산광역시,남구,대연동,못골어린이공원,어린이공원,499.8,,,,,,1968.0,2018-08-14
부산광역시,남구,용호동,솔밭어린이공원,어린이공원,1500.2,,,,,,1970.0,2018-08-14
부산광역시,남구,대연동,UN공원,묘지공원,176486.0,,,,,,1971.0,2018-08-14
부산광역시,남구,문현동,지게골어린이공원,어린이공원,1654.0,,,,,,1971.0,2018-08-14
부산광역시,남구,문현동,문현어린이공원,어린이공원,364.0,,,,,,1971.0,2018-08-14
부산광역시,남구,문현동,개나리어린이공원,어린이공원,370.0,,,,,,1971.0,2018-08-14
부산광역시,남구,문현동,통일동산어린이공원,어린이공원,479.0,,,,,,1971.0,2018-08-14
부산광역시,남구,용호동,이기대공원,수변공원,1924935.0,,,,,,1986.0,2018-08-14
부산광역시,남구,대연동,대연2공원,근린공원,51000.0,,,,,,1995.0,2018-08-14
부산광역시,남구,용호동,용호공원,근린공원,10052.0,,,,,,1997.0,2018-08-14
부산광역시,남구,용호동,가로공원,근린공원,13398.0,,,,,,1997.0,2018-08-14
부산광역시,남구,문현동,어린이공원,어린이공원,2157.0,,,,,,2006.0,2018-08-14
부산광역시,남구,문현동,어린이공원,어린이공원,1608.0,,,,,,2006.0,2018-08-14
부산광역시,남구,대연동,어린이공원,어린이공원,2017.0,,,,,,2006.0,2018-08-14
부산광역시,남구,우암동,우암1어린이공원,어린이공원,3953.0,,,,,,2006.0,2018-08-14
부산광역시,남구,우암동,우암2소공원,소공원,660.0,,,,,,2006.0,2018-08-14
부산광역시,남구,대연동,소공원,소공원,283.0,,,,,,2006.0,2018-08-14
부산광역시,남구,대연동,어린이공원,어린이공원,1625.0,,,,,,2006.0,2018-08-14
부산광역시,남구,대연동,어린이공원,어린이공원,1864.6,,,,,,2006.0,2018-08-14
부산광역시,남구,대연동,평화공원,근린공원,32015.0,,,,,,2004.0,2018-08-14
부산광역시,남구,용호동,어린이공원,어린이공원,2118.8,,,,,,2004.0,2018-08-14
부산광역시,남구,감만동,어린이공원,어린이공원,4247.0,,,,,,2007.0,2018-08-14
부산광역시,남구,감만동,어린이공원,어린이공원,8562.0,,,,,,2007.0,2018-08-14
부산광역시,남구,우암동,소공원,소공원,1269.0,,,,,,2007.0,2018-08-14
부산광역시,남구,용호동,오륙도해맞이소공원,소공원,10659.0,,,,,,2008.0,2018-08-14
부산광역시,남구,문현동,소공원,소공원,4175.0,,,,,,2008.0,2018-08-14
부산광역시,남구,우암동,소공원,소공원,650.0,,,,,,2008.0,2018-08-14
부산광역시,남구,문현동,문화공원A,문화공원,3543.0,,,,,,2008.0,2018-08-14
부산광역시,남구,대연동,문화공원,문화공원,6811.0,,,,,,2008.0,2018-08-14
부산광역시,남구,대연동,대연혁신도시 어린이공원,어린이공원,4330.6,,,,,,2008.0,2018-08-14
부산광역시,남구,대연동,대동골소공원,소공원,1227.0,,,,,,2012.0,2018-08-14
부산광역시,남구,문현동,문화공원B,문화공원,2257.0,,,,,,2013.0,2018-08-14
부산광역시,남구,감만동,감만당집마루 소공원,소공원,1193.0,,,,,,2014.0,2018-08-14
부산광역시,남구,용당동,무제등소공원,소공원,4955.0,,,,,,2016.0,2018-08-14
부산광역시,남구,대연동,소공원,소공원,2310.0,,,,,,2012.0,2018-08-14
부산광역시,연제구,연산동,강변공원,소공원,196.8,,,,,벤치 등,2014.0,2018-04-04
부산광역시,연제구,연산동,토곡근린공원,근린공원,18854.0,,,,,파고라 및 체력단련시설 등,1984.0,2018-04-04
부산광역시,연제구,연산동,연천공원,소공원,1908.0,,,,,파고라 및 체력단련시설 등,2009.0,2018-04-04
부산광역시,연제구,연산동,월륜공원,소공원,1044.0,,,,,파고라 및 벤치 등,2012.0,2018-04-04
부산광역시,연제구,연산동,연이공원,소공원,818.4,,,,,파고라 및 벤치 등,2010.0,2018-04-04
부산광역시,연제구,연산동,옛골공원,소공원,2764.0,,,,,파고라 및 체력단련시설 등,2006.0,2018-04-04
부산광역시,연제구,연산동,쌍미공원,소공원,1209.0,,,,,파고라 및 벤치 등,2006.0,2018-04-04
부산광역시,연제구,연산동,연화공원,소공원,2127.0,,,,,체력단련시설 및 벤치 등,2006.0,2018-04-04
부산광역시,연제구,연산동,한들공원,어린이공원,3369.9,,조합놀이대 등,,,파고라 및 체력단련시설 등,2009.0,2018-04-04
부산광역시,연제구,연산동,한빛공원,어린이공원,1515.0,,조합놀이대 등,,,파고라 및 체력단련시설 등,2006.0,2018-04-04
부산광역시,연제구,연산동,햇살공원,어린이공원,1610.0,,,,,파고라 및 체력단련시설 등,1990.0,2018-04-04
부산광역시,연제구,연산동,연잎공원,어린이공원,1588.2,,조합놀이대 등,,,파고라 및 체력단련시설 등,1973.0,2018-04-04
부산광역시,연제구,연산동,과정공원,어린이공원,1946.5,게이트볼장,조합놀이대 등,화장실,,파고라 및 체력단련시설 등,1973.0,2018-04-04
부산광역시,연제구,연산동,새싹공원,어린이공원,619.8,,조합놀이대 등,,,파고라 및 체력단련시설 등,1969.0,2018-04-04
부산광역시,연제구,연산동,꿈나무공원,어린이공원,1665.8,,조합놀이대 등,,,파고라 및 체력단련시설 등,1965.0,2018-04-04
부산광역시,연제구,연산동,연봉공원,어린이공원,1347.0,,조합놀이대 등,,,파고라 및 벤치 등,1965.0,2018-04-04
부산광역시,연제구,연산동,늘푸른공원,어린이공원,1869.8,,조합놀이대 등,,,파고라 및 체력단련시설 등,1965.0,2018-04-04
부산광역시,연제구,거제동,거제체육공원,체육공원,5848.5,게이트볼장,,,,파고라 및 체력단련시설 등,2003.0,2018-04-04
부산광역시,연제구,거제동,어울림공원,어린이공원,3780.5,,조합놀이대 등,,,파고라 및 체력단련시설 등,1995.0,2018-04-04
부산광역시,연제구,거제동,한마음공원,어린이공원,2788.1,,조합놀이대 등,,,파고라 및 체력단련시설 등,1995.0,2018-04-04
서울특별시,서초구,반포동,반  포,근린공원,26092.2,,,,,,1981.0,2018-06-30
서울특별시,서초구,양재동,방아다리1,근린공원,2870.8,,,,,,1988.0,2018-06-30
서울특별시,서초구,양재동,방아다리2,근린공원,2934.3,,,,,,1988.0,2018-06-30
서울특별시,서초구,양재동,양재천,근린공원,19258.0,,,,,,1988.0,2018-06-30
서울특별시,서초구,양재동,마  방,근린공원,6546.6,,,,,,1983.0,2018-06-30
서울특별시,서초구,양재동,양  재,근린공원,32523.4,,,,,,1983.0,2018-06-30
서울특별시,서초구,서초동,용허리,근린공원,4641.9,,,,,,1989.0,2018-06-30
서울특별시,서초구,서초동,명  달,근린공원,5466.4,,,,,,1989.0,2018-06-30
서울특별시,서초구,잠원동,사평리,근린공원,1913.7,,,,,,1989.0,2018-06-30
서울특별시,서초구,잠원동,잠  원,근린공원,2373.5,,,,,,1989.0,2018-06-30
서울특별시,서초구,잠원동,신  동,근린공원,6648.4,,,,,,1979.0,2018-06-30
서울특별시,서초구,양재동,고인돌,근린공원,4579.0,,,,,,,2018-06-30
서울특별시,서초구,양재동,바우뫼,근린공원,16386.1,,,,,,1983.0,2018-06-30
서울특별시,서초구,서초동,서리풀,근린공원,548520.8,,,,,,1971.0,2018-06-30
서울특별시,서초구,반포동,서래골,근린공원,4690.8,,,,,,1995.0,2018-06-30
서울특별시,서초구,잠원동,명주,근린공원,4952.6,,,,,,1979.0,2018-06-30
서울특별시,서초구,반포동,반딧불,근린공원,13606.8,,,,,,2005.0,2018-06-30
서울특별시,서초구,반포동,원촌,근린공원,9941.7,,,,,,2004.0,2018-06-30
서울특별시,서초구,우면동,태봉,근린공원,26555.7,,,,,,2005.0,2018-06-30
서울특별시,서초구,우면동,섬들,근린공원,15590.3,,,,,,2005.0,2018-06-30
서울특별시,서초구,우면동,망루,근린공원,56497.1,,,,,,2005.0,2018-06-30
서울특별시,서초구,우면동,송동,근린공원,27472.8,,,,,,2009.0,2018-06-30
서울특별시,서초구,양재동,말죽거리,근린공원,350200.0,,,,,,1984.0,2018-06-30
서울특별시,서초구,방배동,방배,근린공원,228107.0,,,,,,1971.0,2018-06-30
서울특별시,서초구,방배동,도구머리,근린공원,69578.4,,,,,,1978.0,2018-06-30
서울특별시,서초구,방배동,방배동,근린공원,7003.0,,,,,,2000.0,2018-06-30
서울특별시,서초구,방배동,뒷  벌,어린이공원,5794.8,,,,,,1972.0,2018-06-30
서울특별시,서초구,방배동,청  두,어린이공원,1657.9,,,,,,1971.0,2018-06-30
서울특별시,서초구,방배동,가  꿀,어린이공원,993.5,,,,,,1972.0,2018-06-30
서울특별시,서초구,방배동,까  치,어린이공원,1015.3,,,,,,1972.0,2018-06-30
서울특별시,서초구,방배동,새  말,어린이공원,984.8,,,,,,1972.0,2018-06-30
서울특별시,서초구,방배동,너른골,어린이공원,1216.0,,,,,,1971.0,2018-06-30
서울특별시,서초구,방배동,정  문,어린이공원,993.1,,,,,,1972.0,2018-06-30
서울특별시,서초구,방배동,안  산,어린이공원,1615.6,,,,,,1971.0,2018-06-30
서울특별시,서초구,방배동,방  현,어린이공원,1781.5,,,,,,1971.0,2018-06-30
서울특별시,서초구,방배동,동  덕,어린이공원,936.0,,,,,,1978.0,2018-06-30
서울특별시,서초구,서초동,사도감,어린이공원,946.7,,,,,,1978.0,2018-06-30
서울특별시,서초구,서초동,예  술,어린이공원,1006.3,,,,,,1978.0,2018-06-30
서울특별시,서초구,서초동,신  중,어린이공원,974.9,,,,,,1971.0,2018-06-30
서울특별시,서초구,서초동,장  안,어린이공원,969.0,,,,,,1971.0,2018-06-30
서울특별시,서초구,서초동,마산말,어린이공원,984.9,,,,,,1971.0,2018-06-30
서울특별시,서초구,서초동,분토골,어린이공원,999.1,,,,,,1972.0,2018-06-30
서울특별시,서초구,서초동,상명달,어린이공원,991.5,,,,,,1972.0,2018-06-30
서울특별시,서초구,서초동,궁  현,어린이공원,985.5,,,,,,1971.0,2018-06-30
서울특별시,서초구,서초동,하명달,어린이공원,991.9,,,,,,1971.0,2018-06-30
서울특별시,서초구,서초동,당  골,어린이공원,1616.2,,,,,,1971.0,2018-06-30
서울특별시,서초구,반포동,고무래,어린이공원,5506.9,,,,,,,2018-06-30
서울특별시,서초구,잠원동,싸리재,어린이공원,991.9,,,,,,1971.0,2018-06-30
서울특별시,서초구,잠원동,주  흥,어린이공원,959.2,,,,,,1977.0,2018-06-30
서울특별시,서초구,반포동,언구비,어린이공원,1031.9,,,,,,1971.0,2018-06-30
서울특별시,서초구,반포동,청  룡,어린이공원,945.1,,,,,,1971.0,2018-06-30
서울특별시,서초구,반포동,서  래,어린이공원,997.1,,,,,,1971.0,2018-06-30
서울특별시,서초구,양재동,종  열,어린이공원,847.8,,,,,,1971.0,2018-06-30
서울특별시,서초구,우면동,암산,어린이공원,1506.0,,,,,,1978.0,2018-06-30
서울특별시,서초구,우면동,잿말,어린이공원,2167.0,,,,,,1978.0,2018-06-30
서울특별시,서초구,우면동,식유촌,어린이공원,1009.0,,,,,,1979.0,2018-06-30
서울특별시,서초구,우면동,송동,어린이공원,1042.0,,,,,,1979.0,2018-06-30
서울특별시,서초구,신원동,세원,어린이공원,1369.0,,,,,,1979.0,2018-06-30
서울특별시,서초구,신원동,본마을,어린이공원,1234.0,,,,,,1979.0,2018-06-30
서울특별시,서초구,신원동,청계숲,어린이공원,1470.0,,,,,,1979.0,2018-06-30
서울특별시,서초구,신원동,새쟁이,어린이공원,1586.0,,,,,,1979.0,2018-06-30
서울특별시,서초구,내곡동,안골,어린이공원,1192.0,,,,,,1979.0,2018-06-30
서울특별시,서초구,내곡동,홍씨마을,어린이공원,1461.0,,,,,,,2018-06-30
서울특별시,서초구,내곡동,아래샘,어린이공원,1059.0,,,,,,,2018-06-30
서울특별시,서초구,내곡동,윗샘,어린이공원,1084.0,,,,,,,2018-06-30
서울특별시,서초구,방배동,남태령,어린이공원,1328.0,,,,,,,2018-06-30
서울특별시,서초구,양재동,양  재,어린이공원,990.4,,,,,,1971.0,2018-06-30
서울특별시,서초구,양재동,동  산,어린이공원,1890.4,,,,,,1979.0,2018-06-30
서울특별시,서초구,양재동,잔  디,어린이공원,1664.3,,,,,,1978.0,2018-06-30
서울특별시,서초구,양재동,계  리,어린이공원,1057.9,,,,,,1978.0,2018-06-30
서울특별시,서초구,반포동,나  리,어린이공원,4155.0,,,,,,1975.0,2018-06-30
서울특별시,서초구,반포동,만  남,어린이공원,2965.0,,,,,,1975.0,2018-06-30
서울특별시,서초구,반포동,푸  른,어린이공원,1851.0,,,,,,1975.0,2018-06-30
서울특별시,서초구,반포동,초  롱,어린이공원,2575.0,,,,,,1975.0,2018-06-30
서울특별시,서초구,반포동,한  수,어린이공원,4400.0,,,,,,1975.0,2018-06-30
서울특별시,서초구,반포동,파랑새,어린이공원,4188.3,,,,,,1986.0,2018-06-30
서울특별시,서초구,잠원동,반  원,어린이공원,6020.9,,,,,,1986.0,2018-06-30
서울특별시,서초구,반포동,장  미,어린이공원,4083.0,,,,,,1986.0,2018-06-30
서울특별시,서초구,양재동,비  석,어린이공원,1500.6,,,,,,,2018-06-30
서울특별시,서초구,양재동,구  룡,어린이공원,1651.3,,,,,,,2018-06-30
서울특별시,서초구,서초동,교  대,어린이공원,993.2,,,,,,1982.0,2018-06-30
서울특별시,서초구,잠원동,코  아,어린이공원,1717.0,,,,,,1985.0,2018-06-30
서울특별시,서초구,반포동,미  도,어린이공원,988.3,,,,,,1986.0,2018-06-30
서울특별시,서초구,양재동,개  뜰,어린이공원,1530.4,,,,,,,2018-06-30
서울특별시,서초구,양재동,버  들,어린이공원,1487.4,,,,,,,2018-06-30
서울특별시,서초구,양재동,샛  별,어린이공원,1500.1,,,,,,,2018-06-30
서울특별시,서초구,양재동,두둑재,어린이공원,1703.8,,,,,,,2018-06-30
서울특별시,서초구,양재동,횃  불,어린이공원,1496.9,,,,,,,2018-06-30
서울특별시,서초구,양재동,용  말,어린이공원,1994.5,,,,,,,2018-06-30
서울특별시,서초구,잠원동,새  터,어린이공원,1100.0,,,,,,1995.0,2018-06-30
서울특별시,서초구,잠원동,늘푸른,어린이공원,1600.0,,,,,,1995.0,2018-06-30
서울특별시,서초구,잠원동,아  름,어린이공원,1100.0,,,,,,1995.0,2018-06-30
서울특별시,서초구,우면동,바우뫼,어린이공원,2023.7,,,,,,1989.0,2018-06-30
서울특별시,서초구,우면동,동  문,어린이공원,1515.2,,,,,,1989.0,2018-06-30
서울특별시,서초구,우면동,효  자,어린이공원,2481.0,,,,,,,2018-06-30
서울특별시,서초구,내곡동,능안,어린이공원,1156.0,,,,,,2005.0,2018-06-30
서울특별시,서초구,방배동,효령,어린이공원,1432.8,,,,,,,2018-06-30
서울특별시,서초구,서초동,새싹,어린이공원,840.0,,,,,,2005.0,2018-06-30
서울특별시,서초구,우면동,섶다리,어린이공원,1729.5,,,,,,2005.0,2018-06-30
서울특별시,서초구,우면동,샛말,어린이공원,1644.7,,,,,,,2018-06-30
서울특별시,서초구,방배동,햇 님,어린이공원,2119.1,,,,,,,2018-06-30
서울특별시,서초구,방배동,소라,어린이공원,1782.4,,,,,,1975.0,2018-06-30
서울특별시,서초구,반포동,오솔길,어린이공원,2802.8,,,,,,2006.0,2018-06-30
서울특별시,서초구,우면동,큰마을,어린이공원,1964.4,,,,,,2007.0,2018-06-30
서울특별시,서초구,우면동,솔말,어린이공원,2720.0,,,,,,2009.0,2018-06-30
서울특별시,서초구,방배동,달님,어린이공원,259.5,,,,,,,2018-06-30
서울특별시,서초구,우면동,우면,수변공원,21609.1,,,,,,2009.0,2018-06-30
부산광역시,부산진구,초읍동,연지공원,근린공원,60490.0,,,,,,1944.0,2018-04-05
부산광역시,부산진구,전포동,양정공원,근린공원,9252.0,,조합놀이대,화장실,,,1944.0,2018-04-05
부산광역시,부산진구,초읍동,어린이대공원,근린공원,4947290.0,,,,,,1978.0,2018-04-05
부산광역시,부산진구,가야동,가야산책공원,근린공원,14292.0,,목마시소,,,,1982.0,2018-04-05
부산광역시,부산진구,개금동,개금테마공원,근린공원,28881.0,풋살운동장,"""조합놀이대, 그네, 시소""",화장실,,,1986.0,2018-04-05
부산광역시,부산진구,양정동,화지공원,근린공원,391299.0,,,,,,1985.0,2018-04-05
부산광역시,부산진구,가야동,가야공원,근린공원,55526.0,,,,,,1995.0,2018-04-05
부산광역시,부산진구,당감동,백양가족공원,근린공원,16375.0,,"""조합놀이대, 흔들놀이""",,,,1994.0,2018-04-05
부산광역시,부산진구,범전동,시민공원,근린공원,470758.0,,,화장실,,"""세미나실, 공연장""",2004.0,2018-04-05
부산광역시,부산진구,전포동,돌산공원,근린공원,41446.0,,,화장실,,야외 공연장,1944.0,2018-04-05
부산광역시,부산진구,초읍동,백양어린이공원,어린이공원,640.3,,조합놀이대,,,,1965.0,2018-04-05
부산광역시,부산진구,개금동,개나리어린이공원,어린이공원,1904.2,,"""조합놀이대, 그네""",,,,1986.0,2018-04-05
부산광역시,부산진구,당감동,솔바람어린이공원,어린이공원,3351.8,,"""조합놀이대, 흔들놀이대""",,,,1988.0,2018-04-05
부산광역시,부산진구,개금동,화목어린이공원,어린이공원,3920.3,,조합놀이대,화장실,,,1990.0,2018-04-05
부산광역시,부산진구,개금동,까치어린이공원,어린이공원,3796.5,,"""조합놀이대, 건너는기구""",,,,1990.0,2018-04-05
부산광역시,부산진구,당감동,백두어린이공원,어린이공원,1655.4,,조합놀이대,,,,1994.0,2018-04-05
부산광역시,부산진구,당감동,미리내어린이공원,어린이공원,2969.2,배드민턴장,"""시소, 흔들놀이기구""",,,,1994.0,2018-04-05
부산광역시,부산진구,당감동,색동어린이공원,어린이공원,1681.5,,조합놀이대,,,,1994.0,2018-04-05
부산광역시,부산진구,부암동,은하수어린이공원,어린이공원,1630.9,,"""미끄럼틀, 시소""",,,,1988.0,2018-04-05
부산광역시,부산진구,부암동,동양어린이공원,어린이공원,1554.3,,"""미끄럼틀, 시소""",,,,1994.0,2018-04-05
부산광역시,부산진구,초읍동,새싹어린이공원,어린이공원,406.0,,,,,,1965.0,2018-04-05
부산광역시,부산진구,연지동,연지어린이공원,어린이공원,1597.4,,"""조합놀이대, 흔들놀이기구""",,,,1969.0,2018-04-05
부산광역시,부산진구,양정동,꿈동산어린이공원,어린이공원,1775.2,,"""조합놀이대, 시소, 흔들놀이기구""",,,,1961.0,2018-04-05
부산광역시,부산진구,양정동,어린이공원,어린이공원,3230.0,,,,,,2009.0,2018-04-05
부산광역시,부산진구,전포동,전포201재개발,어린이공원,2151.0,,,,,,2005.0,2018-04-05
부산광역시,부산진구,양정동,양정1재개발,어린이공원,1754.0,,,,,,2005.0,2018-04-05
부산광역시,부산진구,부암동,부암동61001,어린이공원,1536.0,,,,,,2006.0,2018-04-05
부산광역시,부산진구,부암동,부암동59801,어린이공원,2119.0,,,,,,2006.0,2018-04-05
부산광역시,부산진구,가야동,어린이공원,어린이공원,2944.0,,,,,,2007.0,2018-04-05
부산광역시,부산진구,부암동,어린이공원,어린이공원,3110.0,,,,,,2008.0,2018-04-05
서울특별시,양천구,신정동,신정3동소공원,소공원,3353.0,야외헬스형운동기구 1개,,,,,2012.0,2018-07-31
서울특별시,관악구,신원동,호박골,어린이공원,417.0,,흔들말+조합놀이대,,,,1944.0,2018-08-16
서울특별시,관악구,남현동,군아파트,어린이공원,926.0,,그네+조합놀이대,,,,1970.0,2018-08-16
서울특별시,관악구,남현동,상록,어린이공원,1557.0,,그네+흔들말+조합놀이대,,,,1970.0,2018-08-16
서울특별시,관악구,남현동,남현,어린이공원,554.0,,,,,,1970.0,2018-08-16
서울특별시,관악구,남현동,예촌,어린이공원,1509.0,,그네+흔들말+조합놀이대,화장실,,,1970.0,2018-08-16
서울특별시,관악구,신사동,남부,어린이공원,990.0,,그네+흔들말+조합놀이대+오르는기구,,,,1970.0,2018-08-16
서울특별시,관악구,신림동,새들,어린이공원,979.0,,그네+흔들말+조합놀이대+오르는기구,,,,1970.0,2018-08-16
서울특별시,관악구,신림동,색동,어린이공원,952.0,,그네+흔들말+조합놀이대,,,,1970.0,2018-08-16
서울특별시,관악구,청룡동,송학,어린이공원,1013.0,,조합놀이대,,,,1971.0,2018-08-16
서울특별시,관악구,청룡동,비안,어린이공원,1661.0,,그네+조합놀이대+시소+흔들말,,,,1972.0,2018-08-16
서울특별시,관악구,신사동,새빛,어린이공원,875.0,,그네+조합놀이대,,,,1977.0,2018-08-16
서울특별시,관악구,청룡동,용담,어린이공원,646.0,,그네+흔들말+조합놀이대+오르는기구,,,,1977.0,2018-08-16
서울특별시,관악구,청룡동,일선,어린이공원,1244.0,,그네+흔들말+조합놀이대,,,,1972.0,2018-08-16
서울특별시,관악구,청룡동,청룡,어린이공원,853.0,,미끄럼틀+흔들말+조합놀이대,,,,1972.0,2018-08-16
서울특별시,관악구,삼성동,약수암,어린이공원,1680.0,,흔들말+조합놀이대,,,,1973.0,2018-08-16
서울특별시,관악구,청룡동,충효,어린이공원,3188.0,,그네+흔들말+조합놀이대,,,,1979.0,2018-08-16
서울특별시,관악구,삼성동,해바라기,어린이공원,416.0,,조합놀이대,,,,1980.0,2018-08-16
서울특별시,관악구,청룡동,영락,어린이공원,206.0,,흔들말+조합놀이대,,,,1983.0,2018-08-16
서울특별시,관악구,삼성동,양산,어린이공원,297.0,,조합놀이대,,,,1988.0,2018-08-16
서울특별시,관악구,삼성동,합실,어린이공원,1297.0,,그네+흔들말+조합놀이대,,,,1997.0,2018-08-16
서울특별시,관악구,남현동,남태령제2,소공원,1310.0,,,,,,2013.0,2018-08-16
서울특별시,동작구,대방동,제비,어린이공원,1813.9,,,,,,1940.0,2018-02-19
서울특별시,동작구,상도동,상도,근린공원,359342.8,,,,,,1940.0,2018-02-19
서울특별시,동작구,노량진동,노량진,근린공원,416031.0,,,,,,1940.0,2018-02-19
서울특별시,동작구,본동,용봉정,근린공원,80803.0,,,,,,1940.0,2018-02-19
서울특별시,동작구,사당동,현충,근린공원,1106365.7,,,,,,1962.0,2018-02-19
서울특별시,동작구,노량진동,사육신,역사공원,47832.0,,,,,,1963.0,2018-02-19
서울특별시,동작구,상도동,꿈동산,어린이공원,613.8,,,,,,1963.0,2018-02-19
서울특별시,동작구,상도1동,해님,어린이공원,876.0,,,,,,1963.0,2018-02-19
서울특별시,동작구,사당동,삼일,근린공원,36660.0,,,,,,1968.0,2018-02-19
서울특별시,동작구,신대방동,은하수,어린이공원,4726.0,,,,,,1974.0,2018-02-19
서울특별시,동작구,상도동,장미,어린이공원,410.5,,,,,,1975.0,2018-02-19
서울특별시,동작구,사당동,노루,어린이공원,337.0,,,,,,1976.0,2018-02-19
서울특별시,동작구,사당동,새싹,어린이공원,780.0,,,,,,1976.0,2018-02-19
서울특별시,동작구,사당동,꿈돌이,어린이공원,761.0,,,,,,1977.0,2018-02-19
서울특별시,동작구,사당동,동산,어린이공원,466.1,,,,,,1977.0,2018-02-19
서울특별시,동작구,사당동,토끼,어린이공원,821.7,,,,,,1977.0,2018-02-19
서울특별시,동작구,대방동,참새,어린이공원,2982.7,,,,,,1977.0,2018-02-19
서울특별시,동작구,신대방동,칸나,소공원,241.0,,,,,,2012.0,2018-02-19
서울특별시,동작구,사당동,양지,어린이공원,568.0,,,,,,1979.0,2018-02-19
서울특별시,동작구,상도동,새벽,어린이공원,496.0,,,,,,1979.0,2018-02-19
서울특별시,동작구,상도동,옹달샘,어린이공원,445.0,,,,,,1980.0,2018-02-19
서울특별시,동작구,동작동,동작주차,근린공원,42220.0,,,,,,1981.0,2018-02-19
서울특별시,동작구,사당동,샛별,어린이공원,344.7,,,,,,1981.0,2018-02-19
서울특별시,동작구,사당동,반달,어린이공원,182.0,,,,,,1981.0,2018-02-19
서울특별시,동작구,사당동,늘푸른,어린이공원,1503.0,,,,,,1984.0,2018-02-19
서울특별시,동작구,본동,본동,어린이공원,2195.5,,,,,,1996.0,2018-02-19
서울특별시,동작구,사당동,개나리,어린이공원,454.0,,,,,,1997.0,2018-02-19
서울특별시,동작구,신대방동,청명,어린이공원,1024.0,,,,,,2002.0,2018-02-19
서울특별시,동작구,신대방동,해당화,어린이공원,374.0,,,,,,2002.0,2018-02-19
서울특별시,동작구,흑석동,비계,소공원,298.4,,,,,,2003.0,2018-02-19
서울특별시,동작구,상도동,태양,어린이공원,1514.5,,,,,,2005.0,2018-02-19
서울특별시,동작구,흑석동,서달,소공원,254.8,,,,,,2005.0,2018-02-19
서울특별시,동작구,사당동,까치,어린이공원,1604.3,,,,,,1970.0,2018-02-19
서울특별시,동작구,동작동,희망,어린이공원,2654.3,,,,,,2006.0,2018-02-19
서울특별시,동작구,사당동,남성,소공원,924.1,,,,,,2006.0,2018-02-19
서울특별시,동작구,본동,충효,소공원,1081.8,,,,,,2007.0,2018-02-19
서울특별시,동작구,상도동,꿈나무,어린이공원,1500.0,,,,,,2007.0,2018-02-19
서울특별시,동작구,상도동,빙수골,소공원,822.0,,,,,,2007.0,2018-02-19
서울특별시,동작구,상도동,국화원,소공원,757.0,,,,,,2007.0,2018-02-19
서울특별시,동작구,상도동,흐리목,소공원,1869.7,,,,,,2007.0,2018-02-19
서울특별시,동작구,흑석동,까망돌,어린이공원,1904.5,,,,,,2008.0,2018-02-19
서울특별시,동작구,사당동,해밀,어린이공원,2392.0,,,,,,2010.0,2018-02-19
서울특별시,동작구,상도동,영도,소공원,1737.0,,,,,,2012.0,2018-02-19
서울특별시,동작구,상도동,나비,소공원,564.1,,,,,,2012.0,2018-02-19
서울특별시,동작구,상도동,꽃담길,소공원,206.0,,,,,,2012.0,2018-02-19
서울특별시,동작구,흑석동,흑석,소공원,442.0,,,,,,2012.0,2018-02-19
서울특별시,금천구,가산동,골말,어린이공원,1485.0,,"""조합놀이대,흔들놀이""",음수대,,"""상록경로당,CCTV""",1979.0,2018-08-19
서울특별시,금천구,가산동,무아래,어린이공원,1162.6,,"""조합놀이대,흔들놀이""",음수대,,CCTV,1977.0,2018-08-19
서울특별시,금천구,가산동,조마,어린이공원,1003.0,,"""조합놀이대,시소,그네,흔들놀이""",,,"""매봉경로당,CCTV""",1971.0,2018-08-19
서울특별시,금천구,시흥동,금천폭포공원,근린공원,7650.0,,,,문화회관,CCTV,2005.0,2018-08-19
서울특별시,금천구,독산동,독산근린공원,근린공원,18005.5,"""축구장,배드민턴장""",,"""화장실,음수대""",,CCTV,1987.0,2018-08-19
서울특별시,금천구,독산동,독산자연공원,근린공원,7650.0,"""배드민턴장,테니스장""",,"""화장실,음수대,주차장""",,,1968.0,2018-08-19
서울특별시,금천구,시흥동,삼성산시민휴식공원,근린공원,10118.0,배드민턴장,"""조합놀이대,흔들놀이""",,,CCTV,1968.0,2018-08-19
서울특별시,금천구,독산동,금천체육공원,근린공원,18083.0,"""다목적운동장,농구장,배드민턴장""","""조합놀이대,흔들놀이,그네,시소""","""화장실,음수대,공중전화""",,CCTV,1968.0,2018-08-19
서울특별시,금천구,시흥동,산기슭공원,근린공원,8412.0,다목적운동장,조합놀이대,화장실,,CCTV,1968.0,2018-08-19
서울특별시,금천구,독산동,감로천생태공원,근린공원,15000.0,"""배드민턴장, 게이트볼장""",,,,CCTV,1968.0,2018-08-19
서울특별시,종로구,무악동,무악공원,어린이공원,5136.0,,,음수대,,,2015.0,2018-08-16
서울특별시,종로구,명륜1가,명륜공원,어린이공원,1149.5,,"""모래밭,조합놀이""",음수대,,,1980.0,2018-08-16
서울특별시,종로구,명륜3가,경학공원,어린이공원,3269.0,,,,,,2009.0,2018-08-16
서울특별시,종로구,신문로1가,덕수공원,소공원,873.0,,,,,,2009.0,2018-08-16
서울특별시,종로구,명륜3가,와룡공원,근린공원,204369.0,"""테니스장,배드민턴장,체력단련시설""",,"""화장실,음수대""",,,2010.0,2018-08-16
서울특별시,중구,정동,정동공원,근린공원,8230.0,,,화장실,,,1984.0,2018-05-21
서울특별시,중구,을지로5가,훈련원공원,근린공원,16735.0,x-game장,,화장실,,,1989.0,2018-05-21
서울특별시,중구,신당동,응봉공원,근린공원,107695.0,배드민턴장,,화장실,,,1977.0,2018-05-21
서울특별시,중구,충무로5가,묵정공원,어린이공원,3907.0,,조합놀이대,"""화장실,주차장""",,,1940.0,2018-05-21
서울특별시,중구,황학동,황학공원,어린이공원,1087.0,,조합놀이대,"""화장실,주차장""",,,1940.0,2018-05-21
서울특별시,중구,정동,배재공원,어린이공원,2877.0,,,화장실,무대,,1986.0,2018-05-21
서울특별시,중구,신당동,꿈누리공원,어린이공원,2569.0,,조합놀이대,,,,2007.0,2018-05-21
서울특별시,중구,신당동,동화공원,어린이공원,3071.0,,조합놀이대,,,,2007.0,2018-05-21
서울특별시,중구,순화동,순화어린이공원,어린이공원,1439.0,,조합놀이대,,,,2003.0,2018-05-21
서울특별시,중구,정동,진달래공원,소공원,713.0,,,,,,1985.0,2018-05-21
서울특별시,중구,만리동2가,만리2구역1공원,소공원,1204.2,,,,,,2017.0,2018-05-21
서울특별시,중구,만리동2가,만리2구역2공원,소공원,3394.5,,,,,,2017.0,2018-05-21
서울특별시,중구,만리동2가,손기정공원,체육공원,29682.0,"""축구장, 게이트볼장, 테니스장""",조합놀이대,"""화장실,주차장""",,,1987.0,2018-05-21
서울특별시,중구,순화동,순화문화공원,문화공원,2103.0,,,,,,1973.0,2018-05-21
부산광역시,북구,화명동,화명중앙공원,문화공원,11977.5,5,,파고라,,화장실,2012.0,2018-08-30
부산광역시,북구,구포동,구포문화공원,문화공원,93552.0,,,,,,2006.0,2018-08-30
부산광역시,북구,화명동,화정근린공원,근린공원,10051.1,3,흔들놀이,파고라,,화장실,2012.0,2018-08-30
부산광역시,북구,만덕동,만덕사지당간지주역사공원,근린공원,349.0,,,,,,2016.0,2018-08-30
부산광역시,북구,화명동,수정근린공원,근린공원,10016.0,7,,파고라,,,2001.0,2018-08-30
부산광역시,북구,화명동,현충근린공원,근린공원,10002.0,7,,파고라,,화장실,2001.0,2018-08-30
부산광역시,북구,화명동,명진근린공원,근린공원,10001.0,12,,파고라,,,2001.0,2018-08-30
부산광역시,북구,화명동,화명3택지지구(양달숲공원),근린공원,22525.0,,,,,,1995.0,2018-08-30
부산광역시,북구,화명동,화명근린공원,근린공원,70396.0,10조12종,"""조합놀이대,그네,흔들놀이""",파고라,,화장실,2002.0,2018-08-30
부산광역시,북구,만덕동,만덕근린공원,근린공원,118500.0,0,,,,,2012.0,2018-08-30
부산광역시,북구,만덕동,백양근린공원,근린공원,263817.6,5조9종,"""조합놀이대,그네,흔들놀이""",파고라,,,1999.0,2018-08-30
부산광역시,북구,덕천동,덕천근린공원,근린공원,154484.0,10,,파고라,,,1997.0,2018-08-30
부산광역시,북구,덕천동,덕천개발지구(휴공원),근린공원,12741.0,11조14종,,파고라,,,1993.0,2018-08-30
부산광역시,북구,금곡동,금곡근린공원,근린공원,11908.9,0,조합놀이대,,,,1997.0,2018-08-30
부산광역시,북구,구포동,구포생태근린공원,근린공원,7640.0,,,,,,1990.0,2018-08-30
부산광역시,북구,구포동,백양숲공원,근린공원,11853.0,,,,,,1981.0,2018-08-30
부산광역시,북구,덕천동,덕천소공원,소공원,1281.0,,,,,,2013.0,2018-08-30
부산광역시,북구,만덕동,만덕소공원,소공원,2399.0,0,,,,,2015.0,2018-08-30
부산광역시,북구,만덕동,사기천소공원,소공원,221.0,,,,,,2016.0,2018-08-30
부산광역시,북구,구포동,거북소공원,소공원,742.0,0,,파고라,,,2011.0,2018-08-30
부산광역시,북구,화명동,와석소공원,소공원,670.0,6,"""조합놀이대,흔들놀이""",파고라,,,2013.0,2018-08-30
부산광역시,북구,화명동,희망공원,어린이공원,1500.2,0,조합놀이대,파고라,,,1996.0,2018-08-30
부산광역시,북구,금곡동,행복공원,어린이공원,3325.2,8,"""조합놀이대,흔들놀이""",파고라,,,1992.0,2018-08-30
부산광역시,북구,만덕동,함박공원,어린이공원,1528.8,9,조합놀이대,0,,경로당,1982.0,2018-08-30
부산광역시,북구,만덕동,한빛공원,어린이공원,747.0,0,"""조합놀이대,그네""",파고라,,,1976.0,2018-08-30
부산광역시,북구,만덕동,한마음공원,어린이공원,2886.2,3,조합놀이대,파고라,,화장실,1987.0,2018-08-30
부산광역시,북구,만덕동,하얀마음공원,어린이공원,1951.0,4,조합놀이대,파고라,,,2006.0,2018-08-30
부산광역시,북구,만덕동,하늘공원,어린이공원,2274.3,4,"""조합놀이대,흔들놀이""",파고라,,,1992.0,2018-08-30
부산광역시,북구,구포동,포천공원,어린이공원,1500.7,5조7종,조합놀이대,파고라,,,1984.0,2018-08-30
부산광역시,북구,만덕동,파란마음공원,어린이공원,1596.1,3,조합놀이대,파고라,,,2006.0,2018-08-30
부산광역시,북구,덕천동,철쭉공원,어린이공원,890.4,7,조합놀이대,파고라,,,1980.0,2018-08-30
부산광역시,북구,금곡동,천사공원,어린이공원,1500.2,5,조합놀이대,파고라,,,1996.0,2018-08-30
부산광역시,북구,화명동,직녀공원,어린이공원,2820.9,5,"""조합놀이대,흔들놀이""",파고라,,,1995.0,2018-08-30
부산광역시,북구,구포동,음정공원,어린이공원,1365.5,3조4종,"""조합놀이대,그네""",파고라,,,1984.0,2018-08-30
부산광역시,북구,금곡동,율리공원,어린이공원,1608.5,0,"""조합놀이대,오르는,흔들놀이""",파고라,,,1991.0,2018-08-30
부산광역시,북구,화명동,우신자연공원,어린이공원,2760.2,8,"""조합놀이대,그네""",0,,,1984.0,2018-08-30
부산광역시,북구,금곡동,우리공원,어린이공원,1600.4,0,그네,파고라,,,1991.0,2018-08-30
부산광역시,북구,화명동,용당공원,어린이공원,1500.2,0,"""조합놀이대,그네""",파고라,,,1996.0,2018-08-30
부산광역시,북구,금곡동,열린공원,어린이공원,1500.0,5조7종,"""조합놀이대,흔들놀이""",파고라,,,1991.0,2018-08-30
부산광역시,북구,만덕동,신덕공원,어린이공원,2809.0,6,조합놀이대정글짐흔들놀이,파고라,,,1992.0,2018-08-30
부산광역시,북구,구포동,시랑공원,어린이공원,1460.8,5조8종,,파고라,,,1984.0,2018-08-30
부산광역시,북구,덕천동,쉼터공원,어린이공원,1593.0,2조3종,조합놀이대,,,,1988.0,2018-08-30
부산광역시,북구,덕천동,숙등공원,어린이공원,2369.9,6,"""조합놀이대,그네""",파고라,,,1970.0,2018-08-30
부산광역시,북구,화명동,솔내음공원,어린이공원,1581.3,0,"""조합놀이대,흔들놀이""",파고라,,,2006.0,2018-08-30
부산광역시,북구,금곡동,솔공원,어린이공원,1600.0,3,"""조합놀이대,그네""",파고라,,,1991.0,2018-08-30
부산광역시,북구,화명동,새싹공원,어린이공원,1500.3,0,조합놀이대,파고라,,,1996.0,2018-08-30
부산광역시,북구,만덕동,상록공원,어린이공원,1444.7,8,"""조합놀이대,흔들놀이""",파고라,,경로당,1982.0,2018-08-30
부산광역시,북구,금곡동,사랑공원,어린이공원,3600.0,0,"""조합놀이대,그네,흔들놀이""",파고라,,,1991.0,2018-08-30
부산광역시,북구,화명동,벽산강변공원,어린이공원,2195.7,3,"""조합놀이대,그네,흔들놀이""",파고라,,,1992.0,2018-08-30
부산광역시,북구,화명동,백포공원,어린이공원,1500.2,0,"""조합놀이대,그네""",파고라,,,1996.0,2018-08-30
부산광역시,북구,만덕동,백운공원,어린이공원,1595.0,5,"""조합놀이대,흔들놀이""",파고라,,,1982.0,2018-08-30
부산광역시,북구,금곡동,민주공원,어린이공원,1740.6,5,조합놀이대,파고라,,,1995.0,2018-08-30
부산광역시,북구,금곡동,미래공원,어린이공원,2125.0,2,"""조합놀이대,그네,흔들놀이""",파고라,,,1992.0,2018-08-30
부산광역시,북구,만덕동,동심초공원,어린이공원,1500.0,5,조합놀이대,파고라,,화장실,1990.0,2018-08-30
부산광역시,북구,만덕동,동심공원,어린이공원,1600.2,4,"""조합놀이대,그네""",파고라,,,1982.0,2018-08-30
부산광역시,북구,덕천동,덕천공원,어린이공원,1580.9,7,흔들놀이,,,,1988.0,2018-08-30
부산광역시,북구,덕천동,덕내공원,어린이공원,1942.5,11,조합놀이대그네,파고라,,,1970.0,2018-08-30
부산광역시,북구,화명동,대천천수변공원,어린이공원,1544.4,4,"""조합놀이대,흔들놀이""",파고라,,,1992.0,2018-08-30
부산광역시,북구,금곡동,대천공원,어린이공원,1500.2,0,조합놀이대,파고라,,,1996.0,2018-08-30
부산광역시,북구,덕천동,남산정공원,어린이공원,2433.5,9,"""조합놀이대,그네,흔들놀이""",파고라,,,1990.0,2018-08-30
부산광역시,북구,덕천동,꿈마루공원,어린이공원,1741.4,0,조합놀이대,,,,1988.0,2018-08-30
부산광역시,북구,덕천동,꿈나래공원,어린이공원,2068.2,8,조합놀이대,파고라,,,1988.0,2018-08-30
부산광역시,북구,덕천동,기비골공원,어린이공원,3085.5,6조8종,조합놀이대,파고라,,경로당,1990.0,2018-08-30
부산광역시,북구,금곡동,금빛공원,어린이공원,1554.1,0,조합놀이대,파고라,,,1991.0,2018-08-30
부산광역시,북구,화명동,그린달님공원,어린이공원,2550.4,4,"""조합놀이대,그네,흔들놀이""",파고라,,,1992.0,2018-08-30
부산광역시,북구,화명동,그린꽃님공원,어린이공원,2700.1,7,"""조합놀이대,그네,흔들놀이""",파고라,,,1992.0,2018-08-30
부산광역시,북구,구포동,구삼공원,어린이공원,1494.6,10,조합놀이대,파고라,,,1984.0,2018-08-30
부산광역시,북구,금곡동,공창공원,어린이공원,1507.6,7,"""조합놀이대,흔들놀이""",파고라,,화장실,1991.0,2018-08-30
부산광역시,북구,화명동,견우공원,어린이공원,3669.9,5,"""조합놀이대,흔들놀이""",파고라,,,1995.0,2018-08-30
부산광역시,북구,금곡동,건강공원,어린이공원,1600.0,9,"""조합놀이대,흔들놀이""",파고라,,화장실,1991.0,2018-08-30
부산광역시,북구,구포동,거북공원,어린이공원,520.0,4조8종,조합놀이대,파고라,,,2014.0,2018-08-30
부산광역시,북구,만덕동,개나리공원,어린이공원,1905.8,6,"""조합놀이대,그네,흔들놀이""",파고라,,,1987.0,2018-08-30
부산광역시,중구,영주동,중앙공원,근린공원,229041.0,,,,,,,2018-08-13
부산광역시,중구,영주동,영주어린이공원,어린이공원,198.0,,,,,,,2018-08-13
부산광역시,영도구,동삼동,함지골공원,근린공원,792812.0,사격장,,음식점,청소년수련원,,1972.0,2018-08-31
부산광역시,영도구,동삼동,동삼공원,근린공원,15995.0,철봉 등 6종,,전망대,,,1991.0,2018-08-31
부산광역시,영도구,동삼동,동삼혁신지구근린공원,근린공원,10603.0,,조합놀이대,파고라 6개,,,2007.0,2018-08-31
부산광역시,영도구,동삼동,상리어린이공원,어린이공원,3852.0,,조합놀이대,정자 1개,,,1990.0,2018-08-31
부산광역시,영도구,동삼동,일산봉어린이공원,어린이공원,1878.0,,"""조합놀이대, 그네, 시소""",,,,1990.0,2018-08-31
부산광역시,영도구,동삼동,광명어린이공원,어린이공원,3165.0,,"""조합놀이대, 시소""",파고라 1개,,,1990.0,2018-08-31
부산광역시,영도구,동삼동,팔각어린이공원,어린이공원,1511.0,,"""시소, 그네""",정자 1개,,,1991.0,2018-08-31
부산광역시,영도구,동삼동,중리어린이공원,어린이공원,1502.0,철봉 2,"""조합놀이대, 그네, 시소""",,,,1991.0,2018-08-31
부산광역시,영도구,동삼동,와치어린이공원,어린이공원,1516.0,운동기구 6종,"""조합놀이대, 미끄럼틀""",,,,1991.0,2018-08-31
부산광역시,영도구,동삼동,푸른어린이공원,어린이공원,1514.0,,"""조합놀이대, 그네""",,,,1991.0,2018-08-31
부산광역시,영도구,동삼동,동삼동 소공원,소공원,9989.0,,,파고라 4개,,,2007.0,2018-08-31
부산광역시,영도구,동삼동,하리지구 소공원,소공원,870.0,,,,,,2010.0,2018-08-31
부산광역시,영도구,동삼동,하리지구 소공원,소공원,2067.0,,,파고라1개,,,2010.0,2018-08-31
부산광역시,영도구,동삼동,하리지구 소공원,소공원,625.0,,,,,,2013.0,2018-08-31
서울특별시,동대문구,청량리동,청량,근린공원,242864.0,,,,홍릉수목원,,1940.0,2018-03-31
서울특별시,동대문구,신설동,우산각,어린이공원,5294.2,,"""조합놀이대, 흔들놀이, 그네""",화장실,도서관,다목적광장,1963.0,2018-03-31
서울특별시,동대문구,용두동,느티나무,어린이공원,1719.0,,,,,,1976.0,2018-03-31
서울특별시,동대문구,장안동,안골,어린이공원,1652.3,,조합놀이대,음수전,,,1976.0,2018-03-31
서울특별시,동대문구,장안동,마로니에,어린이공원,1656.2,,조합놀이대,,,,1976.0,2018-03-31
서울특별시,동대문구,장안동,늘푸른,어린이공원,1653.1,,"""조합놀이대, 그네, 흔들놀이""",,,,1976.0,2018-03-31
서울특별시,동대문구,장안동,늘봄,어린이공원,1659.2,,조합놀이대,화장실,,,1976.0,2018-03-31
서울특별시,동대문구,장안동,한내,어린이공원,1617.2,,"""조합놀이대, 회전놀이, 그네, 흔들놀이""",음수전,,,1976.0,2018-03-31
서울특별시,동대문구,전농동,이삭,어린이공원,354.2,,"""조합놀이대, 흔들놀이""",,,,1978.0,2018-03-31
서울특별시,동대문구,답십리동,쉼터,어린이공원,1695.0,,"""조합놀이대, 흔들놀이, 오르기""",음수전,,,1978.0,2018-03-31
서울특별시,동대문구,장안동,장안,근린공원,14744.8,"""배드민턴장, 족구장, 게이트볼장, 농구장 반코트""","""조합놀이대, 그네""","""정자, 벤치, 화장실""",독서실,"""바닥분수, 계류""",1988.0,2018-03-31
서울특별시,동대문구,장안동,장평,근린공원,15698.4,테니스장,,"""정자, 벤치, 화장실""",,벽천,1990.0,2018-03-31
서울특별시,동대문구,장안동,미나리,어린이공원,1636.3,,"""조합놀이대, 그네, 회전놀이, 흔들놀이""",화장실,,,1991.0,2018-03-31
서울특별시,동대문구,장안동,장미,어린이공원,1652.8,,"""조합놀이대, 그네, 시소, 흔들놀이""",,,,1991.0,2018-03-31
서울특별시,동대문구,장안동,샛별,어린이공원,1652.9,,"""조합놀이대, 그네, 흔들놀이""",,,,1991.0,2018-03-31
서울특별시,동대문구,이문동,천장,어린이공원,1656.0,,,,,,1991.0,2018-03-31
서울특별시,동대문구,청량리동,홍릉,근린공원,102920.0,배드민턴장,"""조합놀이대, 모래놀이터""","""파고라, 전망데크, 벤치, 화장실""",정보화도서관,,1994.0,2018-03-31
서울특별시,동대문구,답십리동,답십리,근린공원,160419.1,"""배드민턴장, 지압보도""",,"""파고라, 벤치, 화장실""",,,1996.0,2018-03-31
서울특별시,동대문구,전농동,배봉산,근린공원,265582.0,"""배드민턴장, 지압보도""","""조합놀이대, 그네, 흔들놀이대, 숲속놀이터, 모래놀이터""","""정자, 벤치, 화장실""",야외공연장,"""황톳길,무장애길,야생화단지,유아숲체험장""",1997.0,2018-03-31
서울특별시,동대문구,장안동,미리내,어린이공원,833.0,,"""조합놀이대, 흔들놀이""",음수전,,,2000.0,2018-03-31
서울특별시,동대문구,장안동,이슬,어린이공원,336.0,,"""자동차놀이대, 기차신호등""",음수전,,,2000.0,2018-03-31
서울특별시,동대문구,용두동,용머리,어린이공원,738.5,,"""조합놀이대, 흔들놀이, 회전놀이""",,,,2000.0,2018-03-31
서울특별시,동대문구,장안동,장일,어린이공원,992.0,,"""조합놀이대, 시소, 그네""",,,,2000.0,2018-03-31
서울특별시,동대문구,휘경동,아름,어린이공원,1116.0,,조합놀이대,,,,2000.0,2018-03-31
서울특별시,동대문구,이문동,독구말,어린이공원,973.0,,"""조합놀이대, 흔들놀이, 회전놀이""",,,,2000.0,2018-03-31
서울특별시,동대문구,답십리동,동산,어린이공원,1359.2,,"""조합놀이대, 그네, 시소, 흔들놀이""",음수전,,,2002.0,2018-03-31
서울특별시,동대문구,휘경동,보림,어린이공원,1592.0,,조합놀이대,,,,2004.0,2018-03-31
서울특별시,동대문구,용두동,용두희망,어린이공원,1422.0,,"""조합놀이대, 그네, 회전놀이, 흔들놀이""",,,,2004.0,2018-03-31
서울특별시,동대문구,제기동,방아다리,어린이공원,1537.0,,"""조합놀이대, 그네""",,,,2006.0,2018-03-31
서울특별시,동대문구,용두동,용두,근린공원,17182.0,,"""조합놀이대, 흔들놀이대""",벤치,야외공연장,"""환경자원센터,바닥분수,계류""",2006.0,2018-03-31
서울특별시,동대문구,전농동,활터(가칭),근린공원,5408.0,,"""조합놀이대, 흔들놀이대""","""파고라, 벤치""",,계류,2007.0,2018-03-31
서울특별시,동대문구,답십리동,새샘(가칭),근린공원,9052.0,,"""조합놀이대, 그네, 회전무대""","""파고라, 벤치""",,"""바닥분수, 계류""",2007.0,2018-03-31
서울특별시,동대문구,답십리동,장령당,소공원,1424.0,,,음수전,,,2007.0,2018-03-31
서울특별시,동대문구,휘경동,휘봉,어린이공원,1398.0,,"""조합놀이대, 흔들놀이""",,,,2010.0,2018-03-31
서울특별시,동대문구,답십리동,꿈동산,어린이공원,1570.7,,"""조합놀이대, 그네, 흔들놀이, 회전놀이""",,,,2010.0,2018-03-31
서울특별시,동대문구,회기동,작은언덕,소공원,400.0,,,,,,2011.0,2018-03-31
서울특별시,동대문구,전농동,아름드리,어린이공원,2626.5,,"""조합놀이대, 흔들놀이, 회전놀이, 시소""",,,,2011.0,2018-03-31
서울특별시,동대문구,제기동,선농단,역사공원,3933.0,,,,,,2012.0,2018-03-31
서울특별시,동대문구,휘경동,내길,소공원,514.9,,,,,,2012.0,2018-03-31
서울특별시,동대문구,휘경동,진달래,어린이공원,2345.0,,"""조합놀이대, 그네""",,,,2014.0,2018-03-31
서울특별시,동대문구,용두동,용두4구역,소공원,1763.2,,,,,,2015.0,2018-03-31
서울특별시,영등포구,당산동4가,이음소공원,소공원,732.0,헬스형 운동기구 등,,평의자 등,,,2007.0,2018-02-20
서울특별시,영등포구,도림동,고추말어린이공원,어린이공원,3071.0,헬스형 운동기구 등,조합놀이대,"""파고라, 음수대 등""",,,1963.0,2018-02-20
서울특별시,영등포구,당산동4가,새말소공원,소공원,1642.0,헬스형 운동기구 등,,평의자 등,,,2011.0,2018-02-20
서울특별시,영등포구,영등포동2가,중마루근린공원,근린공원,6456.0,족구장,,"""음수대, 평의자 등""",,,1998.0,2018-02-20
서울특별시,영등포구,영등포동,중앙어린이공원,어린이공원,3671.0,헬스형 운동기구 등,조합놀이대,"""파고라, 평의자 등""",,,1940.0,2018-02-20
서울특별시,영등포구,문래동3가,문래근린공원,근린공원,23611.0,"""배드민턴장, 게이트볼장""",조합놀이대,"""음수대, 평의자 등""",,,1940.0,2018-02-20
서울특별시,영등포구,당산동5가,당산나루소공원,소공원,1339.0,헬스형 운동기구 등,,"""파고라, 평의자 등""",,,2009.0,2018-02-20
서울특별시,영등포구,영등포동8가,서강어린이공원,어린이공원,1797.0,헬스형 운동기구 등,조합놀이대,"""파고라, 평의자 등""",,,1982.0,2018-02-20
부산광역시,금정구,장전동,금강공원,근린공원,1875409.0,,,화장실,,,1965.0,2018-06-30
부산광역시,금정구,장전동,장전공원,근린공원,453632.0,,,화장실,,,1965.0,2018-06-30
부산광역시,금정구,금사동,명장공원,근린공원,125688.0,,,,,,1972.0,2018-06-30
부산광역시,금정구,부곡동,가마실공원,어린이공원,1530.9,,미끄럼틀,,,,2014.0,2018-06-30
부산광역시,금정구,부곡동,공수물공원,어린이공원,558.0,,,,,,1968.0,2018-06-30
부산광역시,금정구,구서동,구서공원,어린이공원,1736.6,,"""그네, 미끄럼틀""",,,,2002.0,2018-06-30
부산광역시,금정구,부곡동,구월공원,어린이공원,1910.0,,"""그네, 미끄럼틀""",,,,1987.0,2018-06-30
부산광역시,금정구,구서동,금정공원,어린이공원,796.0,,미끄럼틀,,,,1968.0,2018-06-30
부산광역시,금정구,금사동,금천공원,어린이공원,1983.3,게이트볼장,"""그네, 미끄럼틀""",,,,1984.0,2018-06-30
부산광역시,금정구,부곡동,기찰공원,어린이공원,983.1,,"""그네, 미끄럼틀""",,,,1968.0,2018-06-30
부산광역시,금정구,장전동,까치공원,어린이공원,513.1,,미끄럼틀,,,,1968.0,2018-06-30
부산광역시,금정구,남산동,남산공원,어린이공원,2255.0,,미끄럼틀,,,,1980.0,2018-06-30
부산광역시,금정구,청룡동,놀이마당공원,어린이공원,1462.1,,"""미끄럼틀, 시소""",화장실,,,1971.0,2018-06-30
부산광역시,금정구,남산동,다람쥐공원,어린이공원,1706.1,,미끄럼틀,,,,1980.0,2018-06-30
부산광역시,금정구,남산동,달님공원,어린이공원,4086.8,,"""미끄럼틀, 시소""",,,,1980.0,2018-06-30
부산광역시,금정구,금사동,보람공원,어린이공원,2738.2,게이트볼장,,화장실,,,1972.0,2018-06-30
부산광역시,금정구,장전동,비석바위공원,어린이공원,3405.3,,,,,,2003.0,2018-06-30
부산광역시,금정구,회동동,상록수공원,어린이공원,4343.1,배드민턴장,,,,,1972.0,2018-06-30
부산광역시,금정구,구서동,샘골공원,어린이공원,1024.5,,미끄럼틀,,,,1971.0,2018-06-30
부산광역시,금정구,서동,서명상상어린이공원,어린이공원,1155.4,,"""그네, 미끄럼틀""",,,경로당,1972.0,2018-06-30
부산광역시,금정구,구서동,선경공원,어린이공원,3985.9,,"""그네, 미끄럼틀""",,,,1980.0,2018-06-30
부산광역시,금정구,부곡동,숲속공원,어린이공원,5694.0,,"""미끄럼틀, 시소""",,,,2005.0,2018-06-30
부산광역시,금정구,남산동,요산꽃님공원,어린이공원,1657.9,,미끄럼틀,,,,2005.0,2018-06-30
부산광역시,금정구,구서동,우성공원,어린이공원,1100.0,,미끄럼틀,,,,1980.0,2018-06-30
부산광역시,금정구,금사동,은빛공원,어린이공원,2336.0,,미끄럼틀,,,,1972.0,2018-06-30
부산광역시,금정구,남산동,푸른솔밭공원,어린이공원,3523.5,,미끄럼틀,,,,1980.0,2018-06-30
부산광역시,금정구,남산동,형제공원,어린이공원,2203.3,,,,,,1980.0,2018-06-30
부산광역시,금정구,금사동,화랑공원,어린이공원,1833.4,,미끄럼틀,,,,1972.0,2018-06-30
부산광역시,금정구,회동동,회동첨단공원,소공원,3032.0,,,,,,2008.0,2018-06-30
부산광역시,금정구,회동동,동대공원,소공원,1814.1,,,,,,2010.0,2018-06-30
부산광역시,금정구,금사동,금사소공원,소공원,503.0,,,,,,2013.0,2018-06-30
부산광역시,동구,좌천동,좌천지구어린이공원,어린이공원,999.0,,조합놀이대,,,,1972.0,2018-01-01
부산광역시,동구,범일동,증산공원,근린공원,31133.0,,,화장실,,,1986.0,2018-01-01
서울특별시,도봉구,창동,월천근린공원,근린공원,10712.0,"""배드민턴장, 체력단련장""","""시소, 조합놀이대""","""화장실, 음수대""",,연못,1985.0,2018-05-15
서울특별시,도봉구,창동,초안산 근린공원,근린공원,664905.0,"""운동장, 축구장, 농구장, 배드민턴장, 골프연습장, 체력단련장""",,"""주차장, 매점, 화장실, 음수대""",도서관,"""연못, 분수""",1993.0,2018-05-15
서울특별시,성동구,옥수동,달맞이,근린공원,63411.43,"""배드민턴장 2개소, 체력단련시설 6개소 36개""","""조합놀이대 1기, 시소 2개""",화장실 1개소,없음,없음,1940.0,2018-08-13
서울특별시,성동구,하왕십리동,무학봉,근린공원,28843.0,"""배드민턴장 1개소, 농구장 1개소, 체력단련시설 3개소 29개""",없음,화장실 1개소,없음,없음,1977.0,2018-08-13
서울특별시,성동구,용답동,용답휴식,근린공원,6046.9,"""배드민턴장 1개소, 농구정 1개소, 체력단련시설 1개소 7개""",없음,화장실 1개소,없음,없음,1963.0,2018-08-13
서울특별시,성동구,마장동,동마장,어린이공원,1090.9,체력단련시설 1개소 3개,"""조합놀이대 1개소, 모래밭 1개소""",화장실 1개소,없음,없음,1977.0,2018-08-13
서울특별시,성동구,응봉동,응봉새말,어린이공원,311.0,없음,"""조합놀이대 1개소, 모래밭 1개소""",없음,없음,없음,1979.0,2018-08-13
서울특별시,성동구,사근동,사근,어린이공원,496.0,체력단련시설 1개소 3개,"""조합놀이대 1개소, 그네 1개""",없음,없음,없음,1979.0,2018-08-13
서울특별시,성동구,마장동,마장,어린이공원,911.0,체력단련시설 1개소 4개,"""조합놀이대 1개소, 그네 1개, 시소 1개""",없음,없음,없음,1977.0,2018-08-13
서울특별시,성동구,응봉동,응봉개나리,어린이공원,462.0,없음,"""조합놀이대 1개소, 그네 1개소,""",없음,없음,없음,1947.0,2018-08-13
서울특별시,성동구,마장동,서마장,어린이공원,350.3,없음,조합놀이대 1개소,없음,없음,없음,1975.0,2018-08-13
서울특별시,성동구,송정동,송정,어린이공원,236.4,없음,"""조합놀이대 1개소, 그네 1개""",없음,없음,없음,2001.0,2018-08-13
서울특별시,성동구,하왕십리동,미소,어린이공원,3411.0,체력단련시설 1개소 6개,"""놀이대 2개소, 모래밭 1개소""",없음,없음,없음,1974.0,2018-08-13
서울특별시,성동구,응봉동,응삼,어린이공원,1646.7,체력단련시설 1개소 2개,"""조합놀이대 1개소, 그네 1개소, 미끄럼틀 1개소""",없음,없음,없음,1975.0,2018-08-13
서울특별시,성동구,마장동,보람,어린이공원,823.3,없음,"""조합놀이대 1개소, 시소 1개소""",없음,없음,없음,2000.0,2018-08-13
서울특별시,성동구,홍익동,도선,어린이공원,2332.5,체력단련시설 1개소 7개,조합놀이대 1개소,없음,없음,없음,2005.0,2018-08-13
서울특별시,성동구,행당동,살구골,어린이공원,1573.9,체력단련시설 1개소 3개,,없음,없음,없음,2004.0,2018-08-13
서울특별시,성동구,행당동,전관원,어린이공원,4760.0,체력단련시설 1개소 4개,"""시소 1개, 기타 4개""",없음,없음,없음,2008.0,2018-08-13
서울특별시,성동구,송정동,장미,소공원,485.4,체력단련시설 1개소 5개,없음,없음,없음,없음,2006.0,2018-08-13
서울특별시,성동구,옥수동,옥정,소공원,711.76,체력단련시설 1개소 4개,없음,없음,없음,없음,2006.0,2018-08-13
서울특별시,성동구,옥수동,매봉,소공원,2006.7,체력단련시설 1개소 4개,없음,없음,없음,없음,2006.0,2018-08-13
서울특별시,성동구,하왕십리동,왕십리 KCC스위첸,소공원,1514.1,체력단련시설 2개소 5개,없음,없음,없음,없음,2010.0,2018-08-13
서울특별시,성동구,성수동1가,트리마제,소공원,2762.8,없음,없음,없음,없음,없음,2012.0,2018-08-13
서울특별시,성동구,하왕십리동,하왕1-5구역,소공원,1451.1,체력단련시설 1개소,없음,없음,없음,없음,2007.0,2018-08-13
서울특별시,성동구,행당동,행당4구역,소공원,1235.0,없음,없음,없음,없음,없음,2003.0,2018-08-13
서울특별시,강북구,우이동,무너미,어린이공원,380.0,,조합놀이대 시소,,,,,2018-08-01
서울특별시,강북구,우이동,솔밭근린공원,근린공원,34955.0,배드민턴장,조합놀이대 그네 흔들놀이,화장실,야외무대 장기바둑쉼터 놀이마당,바닥분수,1996.0,2018-08-01
서울특별시,강북구,미아동,벽오산,어린이공원,1250.0,,조합놀이대 시소,,,,1968.0,2018-08-01
서울특별시,강북구,미아동,한 빛,어린이공원,1192.1,,조합놀이대 그네,화장실,,,1964.0,2018-08-01
서울특별시,강북구,미아동,운 산,어린이공원,995.1,,조합놀이대 그네 흔들놀이,화장실,,,1964.0,2018-08-01
서울특별시,강북구,미아동,으 뜸,어린이공원,681.0,,조합놀이대 시소 흔들놀이,,,,1964.0,2018-08-01
서울특별시,강북구,미아동,세 일,어린이공원,839.7,,조합놀이대 그네 시소,,,,1964.0,2018-08-01
서울특별시,강북구,미아동,북한산 도시자연공원,기타,128341.0,배드민턴장 게이트볼장 족구장,그네 회전놀이 조합놀이대,화장실,,유아숲체험원,1971.0,2018-08-01
서울특별시,강북구,번동,오동근린공원,근린공원,1346557.0,"""실내배드민턴장, 구민운동장, 다목적체육관, 골프연습장""",조합놀이대 그네 흔들놀이,화장실 약수터 주차장,도서관,유아숲체험장,1982.0,2018-08-01
서울특별시,강동구,고덕동,송림공원,근린공원,11491.0,"""배드민턴장, 체력단련기구""",,음수대,,,1982.0,2018-08-17
서울특별시,강동구,상일동,상일공원,근린공원,9704.0,체력단련기구,,,,,1982.0,2018-08-17
서울특별시,강동구,암사동,암사동공원,소공원,1022.0,,,,,,1999.0,2018-08-17
서울특별시,강동구,강일동,다솜공원,어린이공원,3125.0,,"""조합놀이대, 시소, 흔들놀이""",,,,2003.0,2018-08-17
서울특별시,강동구,강일동,꽃보라공원,어린이공원,3185.0,,"""조합놀이대, 흔들놀이""",,,,2003.0,2018-08-17
서울특별시,강동구,강일동,윤슬공원,어린이공원,2591.0,,"""조합놀이대, 그네, 흔들놀이""",,,,2003.0,2018-08-17
서울특별시,강동구,강일동,꿈터공원,어린이공원,1804.0,,"""조합놀이대, 시소, 흔들놀이""",,,,2003.0,2018-08-17
서울특별시,강동구,강일동,강일공원,근린공원,34591.6,체력단련기구,,,,,2004.0,2018-08-17
서울특별시,강동구,강일동,벌말공원,근린공원,86205.7,체력단련기구,,먹는물공동시설,,관리사무소,2004.0,2018-08-17
서울특별시,강동구,강일동,강덕공원,근린공원,46699.6,"""배드민턴장, 체력단련기구""",,,,,2005.0,2018-08-17
서울특별시,강동구,강일동,능골공원,근린공원,31464.2,"""농구장, 체력단련기구""",,,,,2005.0,2018-08-17
서울특별시,강동구,강일동,구름공원,어린이공원,1540.0,,"""조합놀이대, 그네, 흔들놀이""",,,,2005.0,2018-08-17
서울특별시,강동구,둔촌동,일자산공원,근린공원,632733.0,"""농구장, 배드민턴장, 체력단련기구""",숲속놀이터,"""주차장, 화장실, 음수대, 먹는물공동시설, 시계탑""",,"""관리사무소, 캠핑장""",1971.0,2018-08-17
서울특별시,강동구,상일동,명일공원,근린공원,649709.6,"""테니스장, 배드민턴장, 골프연습장, 체력단련기구""",조합놀이대,"""간이화장실, 음수대, 먹는물공동시설""",문화회관,,1971.0,2018-08-17
서울특별시,강동구,길동,달님공원,어린이공원,998.6,체력단련기구,"""조합놀이대, 흔들놀이, 모래놀이터""",음수대,,,1972.0,2018-08-17
서울특별시,강동구,길동,무궁화공원,어린이공원,996.3,체력단련기구,"""조합놀이대, 모래놀이터""",음수대,,,1972.0,2018-08-17
서울특별시,강동구,길동,희망공원,어린이공원,992.4,체력단련기구,"""조합놀이대, 그네, 모래놀이터""",음수대,,,1972.0,2018-08-17
서울특별시,강동구,길동,성심공원,어린이공원,992.3,체력단련기구,"""조합놀이대, 그네""",,,,1972.0,2018-08-17
서울특별시,강동구,상일동,미리내공원,어린이공원,4286.2,"""운동장, 농구장""",,,,,1980.0,2018-08-17
서울특별시,강동구,상일동,동자공원,어린이공원,1520.8,체력단련기구,,,,,1980.0,2018-08-17
서울특별시,강동구,상일동,게내공원,어린이공원,1500.0,체력단련기구,모래놀이터,음수대,,,1980.0,2018-08-17
서울특별시,강동구,상일동,까치공원,어린이공원,1965.8,"""농구장, 체력단련기구""","""조합놀이대, 그네""",,,,1980.0,2018-08-17
서울특별시,강동구,상일동,하늬공원,어린이공원,2233.2,,"""조합놀이대, 그네, 흔들놀이, 모래놀이터""",음수대,,,1980.0,2018-08-17
부산광역시,해운대구,우동,해운대공원,근린공원,124739.0,,,,,,1968.0,2018-08-10
부산광역시,해운대구,중동,바다내음공원,어린이공원,421.8,,,,,,1970.0,2018-08-10
부산광역시,해운대구,중동,다소미공원,어린이공원,2311.7,,,,,,1970.0,2018-08-10
부산광역시,해운대구,재송동,반여제3공원,근린공원,30410.0,,,,,,1979.0,2018-08-10
부산광역시,해운대구,반여동,으뜸공원,어린이공원,940.0,,,,,,1979.0,2018-08-10
부산광역시,해운대구,재송동,별천지공원,어린이공원,1653.0,,,,,,1982.0,2018-08-10
부산광역시,해운대구,재송동,한빛공원,어린이공원,1324.0,,,,,,1987.0,2018-08-10
부산광역시,해운대구,반송동,담안골공원,근린공원,10099.0,,,,,,1990.0,2018-08-10
부산광역시,해운대구,좌동,부흥공원,근린공원,10737.0,,,,,,1992.0,2018-08-10
부산광역시,해운대구,중동,오산공원,근린공원,19488.0,,,,,,1992.0,2018-08-10
부산광역시,해운대구,좌동,햇살공원,어린이공원,5708.0,,,,,,1992.0,2018-08-10
부산광역시,해운대구,좌동,거미줄공원,어린이공원,1804.0,,,,,,1992.0,2018-08-10
부산광역시,해운대구,좌동,누림공원,어린이공원,3760.0,,,,,,1992.0,2018-08-10
부산광역시,해운대구,좌동,와우공원,어린이공원,1878.6,,,,,,1992.0,2018-08-10
부산광역시,해운대구,좌동,자유공원,어린이공원,1803.2,,,,,,1992.0,2018-08-10
부산광역시,해운대구,좌동,직녀공원,어린이공원,1793.1,,,,,,1992.0,2018-08-10
부산광역시,해운대구,좌동,소담공원,어린이공원,1972.0,,,,,,1992.0,2018-08-10
부산광역시,해운대구,좌동,푸른공원,어린이공원,1806.8,,,,,,1992.0,2018-08-10
부산광역시,해운대구,좌동,해바람공원,어린이공원,1805.6,,,,,,1992.0,2018-08-10
부산광역시,해운대구,좌동,미리내공원,어린이공원,2502.8,,,,,,1992.0,2018-08-10
부산광역시,해운대구,좌동,산들공원,어린이공원,2720.0,,,,,,1992.0,2018-08-10
부산광역시,해운대구,좌동,웃음누리공원,어린이공원,3898.7,,,,,,1992.0,2018-08-10
부산광역시,해운대구,반송동,운봉공원,어린이공원,1520.1,,,,,,1994.0,2018-08-10
부산광역시,해운대구,반송동,꽃망울공원,어린이공원,1680.2,,,,,,1994.0,2018-08-10
부산광역시,해운대구,우동,운촌어린이공원,어린이공원,3635.0,,,,,,1998.0,2018-08-10
부산광역시,해운대구,반여동,아시아선수촌공원,근린공원,12997.0,,,,,,1999.0,2018-08-10
부산광역시,해운대구,반여동,노을공원,어린이공원,1901.1,,,,,,1999.0,2018-08-10
부산광역시,해운대구,반여동,한마음공원,어린이공원,1693.2,,,,,,1999.0,2018-08-10
부산광역시,해운대구,반여동,반여공원,근린공원,10430.0,,,,,,1999.0,2018-08-10
부산광역시,해운대구,반여동,바람공원,어린이공원,4575.9,,,,,,1999.0,2018-08-10
부산광역시,해운대구,반여동,새싹공원,어린이공원,1500.0,,,,,,2000.0,2018-08-10
부산광역시,해운대구,반여동,별바라기공원,어린이공원,5527.5,,,,,,2000.0,2018-08-10
부산광역시,해운대구,중동,달맞이공원,근린공원,47899.0,,,,,,2002.0,2018-08-10
부산광역시,해운대구,반송동,꽃다래공원,어린이공원,24621.0,,,,,,2002.0,2018-08-10
부산광역시,해운대구,송정동,구덕포공원,소공원,1145.0,,,,,,2006.0,2018-08-10
부산광역시,해운대구,반여동,꿈누리공원,어린이공원,1545.0,,,,,,2006.0,2018-08-10
부산광역시,해운대구,반여동,가온공원,어린이공원,2007.0,,,,,,2006.0,2018-08-10
부산광역시,해운대구,반송동,수피아공원,어린이공원,1500.0,,,,,,2007.0,2018-08-10
부산광역시,해운대구,반송동,석대동어린이공원,어린이공원,2495.0,,,,,,2007.0,2018-08-10
부산광역시,해운대구,반송동,석대동어린이공원,어린이공원,2338.0,,,,,,2007.0,2018-08-10
부산광역시,해운대구,중동,소공원,소공원,928.0,,,,,,2008.0,2018-08-10
부산광역시,해운대구,중동,소공원,소공원,2881.0,,,,,,2009.0,2018-08-10
부산광역시,해운대구,재송동,재송소공원,소공원,8679.0,,,,,,2009.0,2018-08-10
부산광역시,해운대구,우동,아이파크공원,어린이공원,4893.0,,,,,,2011.0,2018-08-10
부산광역시,해운대구,우동,소공원,소공원,2914.8,,,,,,2011.0,2018-08-10
부산광역시,해운대구,우동,소공원,소공원,2710.2,,,,,,2011.0,2018-08-10
부산광역시,,영주동,중앙공원,근린공원,5020657.0,"""운동광장, 게이트볼, 궁도장, 구민운동장, 풋살경기장, 다목적 마당, 인라인스케이트장, 잔디운동장, 실내체육관, 체력단련장, 풋살구장, 농구장, 테니스장, 배드민턴장""","""어린이놀이터, 발물놀이터""","""주차장,화장실, 대중음식점,매점,전망대,다과점,치유센터,숲속요가장및 풍욕장, 낙상예방코스""","""도서관, 기념비, 충혼탑, 장건상동상, 대한해협전승비, 자연보호헌장, 시민헌장, 충무공이순신영묘비, 노인헌장비, 구덕민속예술관및놀이마당, 기념관, 광복기념관, 청소년수련시설, 최천택기념비, 민주공원표지석, 중앙공원 표지석, 6·25호국유공자기념비, 사적시설, 생태학습원""","""도로, 광장, 파고라, 못, 생태연못, 야영장, 음수대, 휴게소, 야유회장, 전망쉼터, 물놀이터, 산림욕장, 관리사무소, 소각장, 표지판, 조명등, 쓰레기통, 창고""",1986.0,2018-08-01
부산광역시,,초읍동,어린이대공원,근린공원,4947290.0,"""골프연습장, 배드민턴장""","""케이블카, 어린이유희시설, 가족유희시설, 짚라인""","""제1주차장, 전망대, 매점, 매점(기념품), 휴게음식점, 간이화장실,  공중화장실, 휴게음식점(푸드트럭)""","""동물원시설, 어린이회관, 학생수련회야영장, 반공전시관, 전시관, 위인탑, 교육문화회관, 박재혁동상, 헌칠학병기념비, 이수현추모비, 어린이교통안전교육장, 부산항일학생의거기념비, 정상구시비, 고태국음악비, 금연테마동산, 상징조형물, 생태학습장, 숲체험학습센터, 소녀상, 6.25참전용사기념비, 100대 명수 기념비""","""경로당, 야영장, 힐링데크, 트리하우스, 스카이워크, 산림욕장, 관리사무소, 안내소, 통합건물""",1978.0,2018-08-01
부산광역시,,온천동,금강공원,근린공원,3096579.0,"""배트민턴, 궁도장""","""유희시설, 삭도, 어드벤처, 숲속어드벤처""","""공중화장실, 유스호스텔, 전망대, 주차장""","""해양자연사박물관, 도서관, 민속예술관, 고분, 기념비및사적, 소방안전체험관, 박물관, 어린이직업체험관""","""도로, 광장, 못, 케스케이드, 미로공원, 녹차체험장, 암석원, 야영장, 힐링캠프, 산림욕장, 관리사무소""",1965.0,2018-08-01
서울특별시,은평구,불광동,새장골어린이공원,어린이공원,992.0,,"""조합놀이대1, 그네1, 시소2, 흔들놀이3, 모래놀이시설6㎡""",화장실,,,1965.0,2018-02-14
서울특별시,은평구,대조동,대조어린이공원,어린이공원,4176.9,,"""조합놀이대1, 흔들놀이4, 모래놀이시설60㎡""",화장실,,,1965.0,2018-02-14
서울특별시,은평구,갈현동,길마어린이공원,어린이공원,1596.7,,"""조합놀이대1, 유아용조합놀이대1, 그네2, 시소2, 흔들놀이3, 회전놀이5""",화장실,,,1965.0,2018-02-14
서울특별시,은평구,갈현동,좌월어린이공원,어린이공원,1398.3,,"""조합놀이대1, 유아용조합놀이대1, 그네1, 시소1, 흔들말2""",화장실,,,1965.0,2018-02-14
서울특별시,은평구,갈현동,박석어린이공원,어린이공원,856.9,,"""조합놀이대1, 그네1, 흔들놀이2, 까꿍놀이대1""",화장실,,,1965.0,2018-02-14
서울특별시,은평구,녹번동,새록어린이공원,어린이공원,956.0,,"""조합놀이대1, 그네1, 시소2""",화장실,,,1967.0,2018-02-14
서울특별시,은평구,녹번동,신록어린이공원,어린이공원,469.0,,"""조합놀이대1, 흔들놀이3""",,,,1967.0,2018-02-14
서울특별시,은평구,응암동,응암어린이공원,어린이공원,992.1,,"""조합놀이대1, 유아용조합놀이대1""",화장실,,,1967.0,2018-02-14
서울특별시,은평구,응암동,포수동어린이공원,어린이공원,987.8,,"""조합놀이대1, 그네1, 시소1, 흔들놀이3, 별자리지붕게임형운동시설1, 모래놀이시설15㎡""",화장실,,,1967.0,2018-02-14
서울특별시,은평구,응암동,참다래어린이공원,어린이공원,954.4,,"""조합놀이대1, 그네1, 시소1, 흔들놀이5, 모래놀이시설14㎡""",화장실,,,1967.0,2018-02-14
서울특별시,은평구,역촌동,역마을어린이공원,어린이공원,949.1,,"""조합놀이대1, 그네1, 흔들놀이대2, 모래놀이시설12㎡""",화장실,,,1967.0,2018-02-14
서울특별시,은평구,역촌동,역말어린이공원,어린이공원,966.3,,"""조합놀이대1, 유아조합놀이대1, 흔들놀이대2, 그네1, 시소1, 모래놀이시설27㎡""",화장실,,,1967.0,2018-02-14
서울특별시,은평구,역촌동,인조유기비어린이공원,어린이공원,1256.9,,조합놀이대1,,,,1967.0,2018-02-14
서울특별시,은평구,갈현동,궁말어린이공원,어린이공원,1190.0,,"""조합놀이대1, 요술 거울5, 흔들놀이2, 모래놀이시설35㎡""",,,,1967.0,2018-02-14
서울특별시,은평구,신사동,새락골어린이공원,어린이공원,994.0,,"""조합놀이대1, 그네1, 시소2, 흔들놀이2""",화장실,,,1967.0,2018-02-14
서울특별시,은평구,신사동,신흥어린이공원,어린이공원,937.9,,"""조합놀이대1, 시소2, 그네1, 흔들놀이1, 모래놀이시설10㎡""",화장실,,,1967.0,2018-02-14
서울특별시,은평구,증산동,시루뫼어린이공원,어린이공원,999.6,,"""조합놀이대1, 유아용조합놀이대1, 그네2, 흔들놀이2""",화장실,,,1968.0,2018-02-14
서울특별시,은평구,증산동,까치어린이공원,어린이공원,1005.0,,"""조합놀이대1, 유아용조합놀이대1, 그네1, 흔들놀이3""",화장실,,,1968.0,2018-02-14
서울특별시,은평구,역촌동,연서어린이공원,어린이공원,956.0,,"""조합놀이대1, 그네1, 시소2, 흔들놀이2""",화장실,,,1968.0,2018-02-14
서울특별시,은평구,갈현동,서갈현어린이공원,어린이공원,1532.2,,"""조합놀이대1, 암벽조합놀이대1, 흔들놀이2, 모래놀이시설12㎡""",화장실,,,1971.0,2018-02-14
서울특별시,은평구,응암동,응암4동어린이공원,어린이공원,1526.0,,조합놀이대1,,,,1976.0,2018-02-14
서울특별시,은평구,구산동,역촌근린공원,근린공원,52500.0,배드민턴장1,,,,,1977.0,2018-02-14
서울특별시,은평구,구산동,구산근린공원,근린공원,32300.0,,,,,,1977.0,2018-02-14
서울특별시,은평구,갈현동,갈곡리어린이공원,어린이공원,1738.7,,"""조합놀이대2, 시소1, 그네1, 흔들말2""",화장실,야외무대1,,1978.0,2018-02-14
서울특별시,은평구,증산동,분토골어린이공원,어린이공원,996.0,,"""조합놀이대1, 그네1, 흔들놀이2, 모래놀이시설37㎡""",화장실,,,1978.0,2018-02-14
서울특별시,은평구,녹번동,녹번1-3지구 어린이공원,어린이공원,5226.0,,"""조합놀이대, 모래밭, 시소, 정글집""",,,,2004.0,2018-02-14
서울특별시,은평구,응암동,백련근린공원<시공원>,근린공원,316918.0,배드민턴장6,"""조합놀이대1, 기타4""","""주차장1, 화장실1, (간이)화장실1""",기타4,,1989.0,2018-02-14
서울특별시,은평구,신사동,신사동공공공지,기타,1848.0,,,,,,1990.0,2018-02-14
서울특별시,은평구,녹번동,호연어린이공원,어린이공원,528.0,,"""조합놀이대1, 시소1, 흔들놀이2""",,,,1991.0,2018-02-14
서울특별시,은평구,녹번동,녹번서근린공원,근린공원,29945.0,,,"""주차장3, (간이)화장실1""","""문화회관1, 야외음악당1""",관리사무소1,1991.0,2018-02-14
서울특별시,은평구,녹번동,녹번동근린공원,근린공원,39373.0,,,,,,1991.0,2018-02-14
서울특별시,은평구,신사동,신사근린공원<시공원>,근린공원,111650.0,"""배드민턴장1, 게이트볼장1""",조합놀이대1,화장실1,기타1,관리사무소1,1993.0,2018-02-14
서울특별시,은평구,구산동,봉산도시자연공원<시공원>,기타,1512881.0,"""운동장1, 축구장2, 농구장2, 배구장1, 배드민턴장8, 기타4""","""그네1, 시소2, 조합노이대3, 기타4""","""주차장1, 화장실2""",기타4,관리사무소2,1995.0,2018-02-14
서울특별시,은평구,진관동,진관근린공원<시공원>,근린공원,1313671.9,"""농구장1, 배드민턴장4""","""조합놀이대1, 기타4""",화장실1,야외무대1,관리사무소1,1995.0,2018-02-14
서울특별시,은평구,진관동,서오릉도시자연공원<시공원>,기타,1082847.0,"""축구장1, 농구장1, 배드민턴장3""",기타7,"""주차장1, 화장실1""","""문화회관2, 야외음악당1, 기타3""",관리사무소1,1995.0,2018-02-14
서울특별시,은평구,불광동,불광근린공원<시공원>,근린공원,131471.0,"""배드민턴장1, 기타1""",,"""주차장2, 화장실(발효식)1""",도서관1,,1997.0,2018-02-14
서울특별시,은평구,진관동,향림근린공원<시공원>,근린공원,253629.0,"""운동장1, 테니스장1, 축구장1, 배드민턴장2""",기타1,"""주차장, 화장실2""",기타23,관리사무소3,1998.0,2018-02-14
서울특별시,은평구,녹번동,북한산도시자연공원<시공원>,기타,730342.0,"""배드민턴장1, 게이트볼장1, 기타2""",조합놀이대1,화장실1,기타2,관리사무소1,2000.0,2018-02-14
서울특별시,은평구,수색동,수색마을마당,기타,387.0,,유아용조합놀이대1,,,,2000.0,2018-02-14
서울특별시,은평구,역촌동,역촌동마을마당,기타,230.1,,,,,,2001.0,2018-02-14
서울특별시,은평구,불광동,불광어린이공원,어린이공원,496.0,,"""조합놀이대1, 그네1""",,,,2001.0,2018-02-14
서울특별시,은평구,역촌동,역촌2동마을마당,기타,395.7,,"""유아용조합놀이대1, 네트놀이대1, 석탑2, 돌기둥3, 모래놀이터1""",,,,2003.0,2018-02-14
서울특별시,은평구,대조동,대조동청사옆마을마당,기타,130.3,,,,,,2004.0,2018-02-14
서울특별시,은평구,응암동,다래어린이공원,어린이공원,584.9,,"""조합놀이대1, 그네1, 유아용조합놀이대1, 흔들놀이2""",,,,2004.0,2018-02-14
서울특별시,은평구,구산동,구산동마을공원,기타,2811.0,,"""조합놀이대1, 모래놀이터1, 파이프놀이대3""",화장실,,,2005.0,2018-02-14
서울특별시,은평구,구산동,구현초교앞마을마당,기타,541.0,,,화장실,,,2006.0,2018-02-14
서울특별시,은평구,구산동,구산초교앞마을마당,기타,135.0,,조형물1,,,,2006.0,2018-02-14
서울특별시,은평구,구산동,구산동청사앞소공원,기타,335.9,,,,,,2008.0,2018-02-14
서울특별시,은평구,구산동,구산동마을공원(확대),기타,157.0,,,,,,2008.0,2018-02-14
서울특별시,은평구,응암동,응암2오손길마을마당,기타,139.0,,,,,,2010.0,2018-02-14
서울특별시,은평구,대조동,팜스퀘어옆소공원,기타,268.8,,,,,,2010.0,2018-02-14
서울특별시,은평구,진관동,은평뉴타운도시개발사업지구제3호근린공원,근린공원,4749.8,,,,,,2012.0,2018-02-14
서울특별시,은평구,진관동,못자리골근린공원,근린공원,16176.1,,,,,,2012.0,2018-02-14
서울특별시,은평구,진관동,덕수천근린공원,근린공원,5569.1,,,,,,2012.0,2018-02-14
서울특별시,은평구,진관동,마고정근린공원,근린공원,4550.6,,,,,,2012.0,2018-02-14
서울특별시,은평구,진관동,물푸레근린공원<시공원>,근린공원,147441.6,,,,,,2012.0,2018-02-14
서울특별시,은평구,진관동,우물골근린공원,근린공원,7202.8,,,,,,2012.0,2018-02-14
서울특별시,은평구,진관동,은평뉴타운도시개발사업지구제9호근린공원,근린공원,12018.2,배드민턴장2,,,,,2012.0,2018-02-14
서울특별시,은평구,진관동,마실길근린공원,근린공원,45170.5,,,,,,2012.0,2018-02-14
서울특별시,은평구,불광동,시내어린이공원,어린이공원,659.0,,"""조합놀이대1, 그네1, 시소1, 흔들놀이2""",,,,,2018-02-14
서울특별시,은평구,불광동,가람어린이공원,어린이공원,249.0,,조합놀이대1,,,,,2018-02-14
서울특별시,은평구,불광동,관동어린이공원,어린이공원,331.0,,"""조합놀이대1, 그네1""",,,,,2018-02-14
서울특별시,은평구,신사동,개나리어린이공원,어린이공원,2896.0,,조합놀이대1,,,,,2018-02-14
서울특별시,은평구,신사동,아까시아어린이공원,어린이공원,982.0,,,,,,,2018-02-14
서울특별시,은평구,구산동,거북이,소공원,250.0,,,,,,,2018-02-14
서울특별시,은평구,불광동,요  산,소공원,805.0,,,공중전화1,,,,2018-02-14
서울특별시,은평구,응암동,응암9구역,소공원,880.8,,,,,,,2018-02-14
서울특별시,은평구,불광동,불광6구역,소공원,1919.0,,,,,,,2018-02-14
서울특별시,은평구,불광동,불광7구역,소공원,3120.0,,,,,,,2018-02-14
서울특별시,은평구,진관동,은평뉴타운도시개발사업지구내1호소공원,소공원,1087.8,,,,,,,2018-02-14
서울특별시,은평구,응암동,응암3주택재개발구역내소공원,소공원,1641.6,,,,,,,2018-02-14
서울특별시,은평구,진관동,금암 문화공원(은평뉴타운제1호문화공원),문화공원,6857.1,,"""조합놀이대1, 얼룩말놀이대1, 아빠공룡놀이대1, 스페이스쉽1, 플레이터치1, 모래놀이터1""",화장실1,"""도서관1, 금암기적비1""",관리사무소1,,2018-02-14
서울특별시,은평구,진관동,은평뉴타운제2호문화공원,문화공원,55721.8,,,,,,,2018-02-14
서울특별시,은평구,녹번동,은평평화공원,기타,5700.1,,,,"""동상1, 탑기념비2""",관리사무소1,,2018-02-14
서울특별시,은평구,녹번동,도원극장옆마을마당,기타,48.8,,,,,,,2018-02-14
서울특별시,은평구,녹번동,자투리토지녹번마을마당,기타,165.0,,,,,,,2018-02-14
서울특별시,은평구,녹번동,녹번동마을마당,기타,754.0,,"""조합놀이대1, 흔들놀이대2""",,,,,2018-02-14
서울특별시,은평구,구산동,구산마을마당,기타,387.0,,"""장기판1, 조형물1""",,,,,2018-02-14
서울특별시,은평구,대조동,대조마을마당,기타,183.5,,,,,,,2018-02-14
서울특별시,서대문구,창천동,창천문화공원,문화공원,2326.9,,,화장실 1개소,,,1938.0,2018-08-01
서울특별시,서대문구,연희동,궁동근린공원,근린공원,126026.0,"""체육관(실내 배드민턴장) 1개동, 배드민턴장 2개소, 체력단련시설 23기""","""조합놀이대 1기, 기타 4기""",화장실 1개소,,,1940.0,2018-08-01
서울특별시,서대문구,북아현동,명수어린이공원,어린이공원,2269.0,체력단련시설 8기,"""조합놀이대 1기, 그네 1기, 미끄럼틀 1기, 시소 1기, 기타 1기""",,,,1940.0,2018-08-01
서울특별시,서대문구,대현동,대현문화공원,문화공원,3063.9,,,시계탑 1기,야외음악당 1개소,,1940.0,2018-08-01
서울특별시,서대문구,홍제동,문화촌어린이공원,어린이공원,1500.0,,"""조합놀이대 1기, 그네 1기, 시소 1기, 기타 2기""",,,,1965.0,2018-08-01
서울특별시,서대문구,홍제동,불천어린이공원,어린이공원,2006.0,체력단련시설 4기,"""조합놀이대 1기, 그네 1기, 시소 1기""",,,,1965.0,2018-08-01
서울특별시,서대문구,북가좌동,은가어린이공원,어린이공원,1312.0,체력단련시설 4기,"""시소 1기, 기타 4기""",,,,1965.0,2018-08-01
서울특별시,서대문구,홍은동,백련근린공원,근린공원,993724.0,"""운동장 1개소, 배드민턴장 3개소, 골프연습장 1개소, 체력단련시설 81기""",조합놀이대 2기,"""주차장 2개소(80대), 화장실 1개소, 발효식화장실 4기""",문화회관 1개소,,1966.0,2018-08-01
서울특별시,서대문구,연희동,동구물어린이공원,어린이공원,275.0,,"""그네1기, 시소 1기, 기타 1기""",,,,1967.0,2018-08-01
서울특별시,서대문구,연희동,궁뜰어린이공원,어린이공원,983.8,체력단련시설 3기,"""조합놀이대 1기, 그네 1기, 모래밭 1기, 사닥다리 1기""",,,,1967.0,2018-08-01
서울특별시,서대문구,연희동,궁말어린이공원,어린이공원,886.9,체력단련시설 3기,"""조합놀이대 1기, 그네 1기""",,,,1967.0,2018-08-01
서울특별시,서대문구,연희동,대궐재어린이공원,어린이공원,971.9,체력단련시설 4기,"""조합놀이대 1기, 그네 1기, 모래밭 1기, 시소 1기, 기타 1기""",,,,1967.0,2018-08-01
서울특별시,서대문구,연희동,연희어린이공원,어린이공원,661.0,체력단련시설 3기,"""그네1기, 시소 1기, 기타 2기""",,,,1968.0,2018-08-01
서울특별시,서대문구,북가좌동,신가어린이공원,어린이공원,993.4,체력단련시설 2기,"""조합놀이대 1기, 정글짐 1기""",,,,1968.0,2018-08-01
서울특별시,서대문구,북가좌동,해담는어린이공원,어린이공원,793.0,,"""조합놀이대 1기, 그네 1기, 모래밭 1기, 기타 3기""",음수대 1개소,,,1968.0,2018-08-01
서울특별시,서대문구,연희동,다람쥐어린이공원,어린이공원,595.0,체력단련시설 4기,"""조합놀이대 1기, 그네 1기, 기타 3기""",,,,1970.0,2018-08-01
서울특별시,서대문구,홍제동,모랫재어린이공원,어린이공원,529.0,,"""조합놀이대 1기, 시소 1기, 기타 2기""",,,,1970.0,2018-08-01
서울특별시,서대문구,홍제동,상암곡어린이공원,어린이공원,294.0,,"""조합놀이대 1기, 그네 1기""",,,,1970.0,2018-08-01
서울특별시,서대문구,홍은동,홍남어린이공원,어린이공원,970.9,,"""조합놀이대 1기, 그네 1기, 기타 3기""",,,,1972.0,2018-08-01
서울특별시,서대문구,홍은동,홍연어린이공원,어린이공원,965.1,체력단련시설 3기,"""조합놀이대 1기, 그네 1기, 모래밭 1기, 시소 1기, 기타 3기""",음수대 1개소,,,1972.0,2018-08-01
서울특별시,서대문구,홍은동,백련어린이공원,어린이공원,985.8,체력단련시설 2기,"""조합놀이대 1기, 그네 1기""",,,,1972.0,2018-08-01
서울특별시,서대문구,남가좌동,남이마을어린이공원,어린이공원,1397.6,,,,,,1972.0,2018-08-01
서울특별시,서대문구,남가좌동,연남어린이공원,어린이공원,991.7,체력단련시설 2기,"""조합놀이대 1기, 그네 1기, 미끄럼틀 1기, 기타 3기""",,,,1973.0,2018-08-01
서울특별시,서대문구,홍은동,실락어린이공원,어린이공원,17452.0,"""배드민턴장 1개소, 체력단련시설 8기""",,,,,1973.0,2018-08-01
서울특별시,서대문구,창천동,바람산어린이공원,어린이공원,627.1,,"""조합놀이대 1기, 그네1기, 모래밭 1기, 시소 1기, 기타 4기""",,,,1974.0,2018-08-01
서울특별시,서대문구,현저동,독립근린공원,근린공원,113021.7,"""농구장 1개소, 배드민턴장 1개소, 체력단련시설 30기""","""미끄럼틀 1기, 기타 3기""","""주차장 1개소(65대), 매점 2개소, 화장실 3개소, 음수대 4기""","""독립관 1동, 3.1운동기념탑 1기, 순국선열추념탑 1기, 독립문 1기, 서재필동상 1기, 독립문이전비 1기, 정보도서관 1동""",,1989.0,2018-08-01
서울특별시,서대문구,남가좌동,가좌어린이공원,어린이공원,1665.0,체력단련시설 3기,조합놀이대 1기,,,,1993.0,2018-08-01
서울특별시,서대문구,남가좌동,개나리어린이공원,어린이공원,1653.0,체력단련시설 3기,"""조합놀이대 2기, 그네 1기, 모래밭 1기, 시소 1기, 기타 2기""",음수대 1개소,,,1994.0,2018-08-01
서울특별시,서대문구,창천동,창천근린공원,근린공원,6322.0,"""배드민턴장 1개소, 체력단련시설 5기""",,발효식화장실 2기,,,1997.0,2018-08-01
서울특별시,서대문구,홍제동,홍제근린공원,근린공원,9888.0,"""배드민턴장 1개소, 체력단련시설 11기""","""조합놀이대 1기, 시소 1기, 기타 3기""",,,,1998.0,2018-08-01
서울특별시,서대문구,합동,기차길옆소공원,소공원,381.3,,,,,,2000.0,2018-08-01
서울특별시,서대문구,영천동,독립문어린이공원,어린이공원,2600.0,체력단련시설 4기,,화장실 1개소,,,2001.0,2018-08-01
서울특별시,서대문구,연희동,연서어린이공원,어린이공원,1582.0,체력단련시설 3기,"""조합놀이대 1기, 그네 2기, 모래밭 1기, 시소 1기, 기타 3기""",,,,2002.0,2018-08-01
서울특별시,서대문구,북가좌동,북가좌정원지구어린이공원,어린이공원,1869.0,체력단련시설 6기,"""그네1기, 기타 2기""",,,,2004.0,2018-08-01
서울특별시,서대문구,홍은동,홍은동어린이공원,어린이공원,1552.0,체력단련시설 2기,"""조합놀이대 1기, 그네 1기, 기타 2기""",,,,2005.0,2018-08-01
서울특별시,서대문구,홍제동,아름다운소공원,소공원,441.5,,,,,,2006.0,2018-08-01
서울특별시,서대문구,북가좌동,중앙근린공원,근린공원,15466.0,"""다목적운동장 1개소, 배드민턴장 1개소, 체력단련시설 8기""",,"""화장실 1개소, 음수대 1개소""",,,2007.0,2018-08-01
서울특별시,서대문구,남가좌동,솟대어린이공원,어린이공원,1474.5,체력단련시설 4기,"""조합놀이대 1기, 시페이스네트 1기, 흔들놀이 6기""",,,,2007.0,2018-08-01
서울특별시,서대문구,북가좌동,나비울어린이공원,어린이공원,6757.0,농구장 1개소,"""조합놀이대 1기, 그네 1기, 흔들놀이 2기""",음수대 1개소,,,2007.0,2018-08-01
서울특별시,서대문구,홍은동,홍은3소공원,소공원,747.0,,,,,,2007.0,2018-08-01
서울특별시,서대문구,북가좌동,거꾸로어린이공원,어린이공원,1125.3,체력단련시설 5기,기타 6기,음수대 1개소,,,2010.0,2018-08-01
서울특별시,서대문구,홍제동,문화소공원,소공원,1456.0,배드민턴장 1개소,,,,,2010.0,2018-08-01
서울특별시,서대문구,남가좌동,한울소공원,소공원,1006.0,,,,,,2007.0,2018-08-01
서울특별시,서대문구,홍제동,무궁화소공원,소공원,672.0,체력단련시설 4기,,,,,2008.0,2018-08-01
서울특별시,서대문구,홍은동,하늘소공원(가칭),소공원,1375.0,체력단련시설 4기,,,,,2007.0,2018-08-01
서울특별시,서대문구,남가좌동,모래내어린이공원,어린이공원,1766.3,,"""조합놀이대 1기, 기타 5기""",음수대 1개소,,,2007.0,2018-08-01
서울특별시,서대문구,남가좌동,가재울어린이공원,어린이공원,9508.0,"""배드민턴장 1개소, 체력단련시설 3기""","""조합놀이대 1기, 기타 3기""",음수대 2개소,,,2007.0,2018-08-01
서울특별시,서대문구,북아현동,북아현어린이공원,어린이공원,2357.2,체력단련시설 2기,"""미끄럼틀 1기, 기타 3기""",음수대 1개소,,,2008.0,2018-08-01
서울특별시,서대문구,북아현동,한성어린이공원,어린이공원,2240.8,,"""그네 1기, 모래밭 1기, 조합놀이대 1기, 기타 3기""",음수대 1개소,,,2008.0,2018-08-01
서울특별시,서대문구,북아현동,너른바위어린이공원,어린이공원,2592.2,체력단련시설 4기,"""그네 1기, 미끄럼틀 1기, 시소 1기, 조합놀이대 1기, 기타 2기""",음수대 1개소,,,2008.0,2018-08-01
부산광역시,강서구,대저1동,서연정공원,소공원,646.0,4,,,,"""앉음벽13.57m, 트렐리스3, 안내판2, 플랜트2, 파고라, 평의자4""",2013.0,2018-09-14
부산광역시,강서구,명지동,명지소공원,소공원,867.0,5,,,,"""파고라1, 앉음벽8m, 수도1, 안내판, 솟대5, 평의자2""",2006.0,2018-09-14
부산광역시,강서구,명지동,바다공원,근린공원,10001.0,5,,화장실,,"""육각정자1, 원형의자4, 평의자12, 평상2, 파고라2, 족구장(28*35M)""",1992.0,2018-09-14
부산광역시,강서구,명지동,에디슨공원,어린이공원,1500.0,,"""조합놀이기구1, 흔들놀이기구 4, 시소1""",,,"""앉음벽7m, 바닥분수1, 파고라2, 목제데크148㎡, 도막포장78㎡, 수증등12, 양잔디1, 등의자6, 평의자6""",2001.0,2018-09-14
부산광역시,강서구,명지동,링컨공원,어린이공원,1500.0,,"""조합놀이기구1, 흔들놀이기구 3, 시소2""",,,"""바닥분수1, 앉음벽72.6m, 공원등15, 도막포장253.5㎡, 수증등12, 파고라1, 양잔디1, 평의자7""",2001.0,2018-09-14
부산광역시,강서구,명지동,늘품공원,어린이공원,1500.0,,"""조합놀이기구1, 흔들놀이기구3""",,,"""파고라1, 평의자6""",2001.0,2018-09-14
부산광역시,강서구,명지동,별무리공원,어린이공원,1500.0,8,조합놀이기구1,,,"""막구조파고라3, 사각정자1, 등의자5, 열주, 놀이벽""",2001.0,2018-09-14
부산광역시,강서구,명지동,큰나무공원,어린이공원,1500.0,,"""조합놀이기구1, 흔들놀이기구3, 시소1""",,,"""등의자9, 파고라1""",2001.0,2018-09-14
부산광역시,강서구,명지동,맹꽁어린이공원,어린이공원,1500.0,,"""조합놀이기구1, 시소1""",,,"""안내판, 태양광볼라드30, 파고라1, 등의자2, 평의자5, 평상1""",2001.0,2018-09-14
부산광역시,강서구,명지동,명호어린이공원,어린이공원,1500.0,,"""조합놀이기구1, 흔들놀이기구3, 그네2""",,,"""파고라1, 돌의자9""",2001.0,2018-09-14
부산광역시,강서구,명지동,등대공원,어린이공원,1500.0,,"""조합놀이기구1, 시소2, 흔들놀이기구3, 그네2""",,,"""안내판, 목계단, 파고라1, 원형의자1, 평의자7""",2001.0,2018-09-14
부산광역시,강서구,명지동,도담공원,어린이공원,1500.0,,"""조합놀이기구1, 시소2, 흔들놀이기구3, 그네2""",,,"""안내판, 볼라드7, 파고라1, 평의자7""",2001.0,2018-09-14
부산광역시,강서구,명지동,남명공원,어린이공원,1500.0,,"""조합놀이기구1, 시소2, 흔들놀이기구3, 그네2""",,,"""안내판, 목계단, 파고라1, 원형의자1, 평의자6""",2001.0,2018-09-14
부산광역시,강서구,명지동,갈대성공원,어린이공원,1500.0,,흔들놀이기구6,,,"""데크, 막구조파고라3, 등의자4, 앉음벽35m, 돌의자6, 돌탁자2, 열주4""",2001.0,2018-09-14
부산광역시,강서구,명지동,명지공원,근린공원,170405.0,10,,"""화장실2, 주차장, 관리사무소""",,"""바닥분수, 다목적운동장, 볼라드62, 안내판4, 안내석, 야외석물탁자5, 통돌벤치20, 앉음벽139m, 돌담150m, 장대석의자12, 상징게이트4, 장식열주6, 자연석계단2, 팔각정자, 파고라16, 평의자48, 등의자50, 둥근의자28""",2001.0,2018-09-14
부산광역시,강서구,명지동,철새탐방공원,문화공원,1344.0,,,,,"""이층정자1, 철새탐조대1, 등의자2""",2008.0,2018-09-14
부산광역시,강서구,송정동,희망공원,근린공원,29821.0,10,,"""화장실, 주차장""",,"""그늘시렁5, 등의자31, 볼라드10, 다목적운동장, 농구장, 문주4, 안내판2, 공원등45, 준공기념비1, 육각정자2, 사각정자2, 파고라4, 축구골대2, 농구골대2, 자전거보관대1, 음수대1, 관리사무소""",1992.0,2018-09-14
부산광역시,강서구,송정동,보람공원,근린공원,27739.0,8,,"""화장실, 주차장""",,"""그늘시렁4, 평의자9, 등의자33, 농구골대2, 다목적운동장, 문주4, 안내판2, 볼라드9, 앉음벽40m, 공원등30, 야외무대전시벽10, 음수대1, 파고라4, 육각정자1, 자전거보관대1, 관리사무소""",1992.0,2018-09-14
부산광역시,강서구,신호동,소정공원,어린이공원,1665.0,6,"""조합놀이기구1, 흔들놀이기구3""",,,"""가벽, 스탠드, 파고라2, 앉음벽38.8m, 사각의자2, 안내판""",1998.0,2018-09-14
부산광역시,강서구,신호동,소담공원,어린이공원,2193.0,,조합놀이기구,,,"""파고라1, 등의자6, 사각의자2, 안내판""",2000.0,2018-09-14
부산광역시,강서구,신호동,신호공원,근린공원,60597.0,30,"""조합놀이기구1, 흔드놀이기구3, 그네2""","""화장실, 주차장""",,"""다목적운동장, 팔각정자1, 안내판2, 파고라2, 조각상, 앉음벽227.4m, 음수대1, 등의자56, 돌의자8, 돌탁자3, 평의자65, 그늘시렁8, 볼라드20, 인조축구장""",1992.0,2018-09-14
부산광역시,강서구,신호동,신호공원,근린공원,4868.0,,,,,,1992.0,2018-09-14
부산광역시,강서구,지사동,가람공원,어린이공원,6825.0,2,조합놀이기구,,,"""파고라5, 등의자4, 평의자15, 연식의자77.5m, 통석의자3m, 농구대, 장식가벽5, 관람데크, 안내판, 관리창고""",2005.0,2018-09-14
부산광역시,강서구,지사동,지사공원(2호근린공원),근린공원,11232.0,13,조합놀이기구,문화회관,,"""전시벽6, 상징조형물, 파고라, 야외무대62.1㎡, 평의자3, 등의자6, 연식의자16, 안내판, 게이트볼장""",2002.0,2018-09-14
부산광역시,강서구,지사동,선비공원,어린이공원,1502.0,4,"""조합놀이기구, 그네, 흔들놀이기구3, 회전무대,""",,,"""등의자4, 연식의자42.3m, 농구대, 안내판, 공원등4""",2002.0,2018-09-14
부산광역시,강서구,지사동,꿈나래공원,어린이공원,1501.0,6,"""조합놀이기구, 놀이벽""",,,"""등의자8, 정자, 연식의자, 트렐리스, 공원등7""",2002.0,2018-09-14
부산광역시,강서구,지사동,신명공원(1호근린공원),근린공원,22157.0,3,,,,"""정자, 파고라, 배드민턴장, 지압로, 등의자4, 평의자3, 사각의자2, 앉음벽46.22m, 목제계단3, 휴지통2""",2002.0,2018-09-14
부산광역시,강서구,지사동,숲길공원,근린공원,10408.0,3,,,,"""정자, 파고라, 배드민턴장, 지압로, 등의자4, 평의자3, 사각의자2, 앉음벽46.22m, 목제계단3, 휴지통2""",2005.0,2018-09-14
부산광역시,강서구,녹산동,웃들공원,근린공원,12211.9,6,,음수전,,"""파고라, 육각정자, 등의자, 평의자""",2010.0,2018-09-14
부산광역시,강서구,명지동,물결공원,근린공원,17477.5,7,,,,"""파고라, 원형파고라, 평의자, 등의자, 앉음벽, 야외테이블, 수경시설, 자전거보관대""",2008.0,2018-09-14
부산광역시,강서구,명지동,소리공원,근린공원,9167.4,5,,,,"""파고라, 평의자, 등의자, 앉음벽, 자전거보관대""",2013.0,2018-09-14
부산광역시,강서구,명지동,울림공원,근린공원,65807.8,40,"""조합놀이대, 미끄럼대, 물통놀이집, 시소, 어드벤처놀이대, 모래삽놀이대, 잎새통과하기, 꽃점핑놀이대""","""음수전, 주차장""",,"""자전거보관대, 파고라, 오두막, 오두막벤치, 평의자, 등의자, 앉음벽, 야외테이블""",2013.0,2018-09-14
부산광역시,강서구,명지동,너울공원,근린공원,47009.9,17,,"""주차장, 화장실""",,"""파고라, 팔각정자, 평의자, 등의자, 앉음벽, 야외테이블, 자전거보관대""",2013.0,2018-09-14
부산광역시,강서구,명지동,나뭇잎공원,어린이공원,2189.3,3,"""조합놀이대, 흔들놀이기구, 모래놀이집, 그네""",,,"""원형파고라, 앉음벽, 등의자, 자전거보관대""",2013.0,2018-09-14
부산광역시,강서구,명지동,큰배공원,어린이공원,1566.7,3,"""조합놀이대, 울림나팔, 흔들놀이, 시소, 회전무대""",,,"""파고라, 앉음벽, 등의자, 자전거보관대""",2008.0,2018-09-14
부산광역시,강서구,명지동,꽃게공원,어린이공원,1512.7,3,"""조합놀이대, 시소""",,,"""원형파고라, 앉음벽, 등의자""",2008.0,2018-09-14
부산광역시,강서구,명지동,꿀벌공원,어린이공원,2358.1,3,"""조합놀이대, 나무실로폰, 흔들놀이, 착시거울""",,,"""파고라, 앉음벽, 등의자, 평의자, 야외테이블, 자전거보관대""",2013.0,2018-09-14
부산광역시,강서구,명지동,파도공원,어린이공원,1981.2,3,"""조합놀이대, 정글짐""",,,"""꽃그늘파고라, 앉음벽, 등의자, 자전거보관대""",2013.0,2018-09-14
부산광역시,강서구,명지동,두루미공원,소공원,295.2,,,,,"""등의자, 사면플랜터""",2013.0,2018-09-14
서울특별시,송파구,가락동,가락,근린공원,27648.2,,,,,,,2019-01-01
서울특별시,송파구,잠실동,개나리,근린공원,6669.1,,,,,,,2019-01-01
서울특별시,송파구,가락동,개롱,근린공원,21544.4,,,,,,,2019-01-01
서울특별시,송파구,거여동,거여,근린공원,16185.1,,,,,,,2019-01-01
서울특별시,송파구,가락동,건너말,근린공원,11327.8,,,,,,,2019-01-01
서울특별시,송파구,문정동,글샘,근린공원,27289.9,,,,,,,2019-01-01
서울특별시,송파구,문정동,글샘작은,근린공원,10209.9,,,,,,,2019-01-01
서울특별시,송파구,마천동,널문,근린공원,24128.0,,,,,,,2019-01-01
서울특별시,송파구,오금동,누에머리,근린공원,18607.5,,,,,,,2019-01-01
서울특별시,송파구,송파동,동산,근린공원,5660.8,,,,,,,2019-01-01
서울특별시,송파구,문정동,두댐이,근린공원,24015.9,,,,,,,2019-01-01
서울특별시,송파구,마천동,마천,근린공원,10962.5,,,,,,,2019-01-01
서울특별시,송파구,잠실동,매미,근린공원,8012.3,,,,,,,2019-01-01
서울특별시,송파구,오금동,목련,근린공원,8127.4,,,,,,,2019-01-01
서울특별시,송파구,문정동,문정,근린공원,49972.0,,,,,,,2019-01-01
서울특별시,송파구,방이동,방이,근린공원,6930.1,,,,,,,2019-01-01
서울특별시,송파구,오금동,백토,근린공원,10024.1,,,,,,,2019-01-01
서울특별시,송파구,잠실동,부리,근린공원,12898.9,,,,,,,2019-01-01
서울특별시,송파구,잠실동,뽕나무,근린공원,11704.9,,,,,,,2019-01-01
서울특별시,송파구,삼전동,삼전,근린공원,6607.6,,,,,,,2019-01-01
서울특별시,송파구,신천동,새내,근린공원,2550.0,,,,,,,2019-01-01
서울특별시,송파구,문정동,소리,근린공원,36638.3,,,,,,,2019-01-01
서울특별시,송파구,송파동,송이,근린공원,11193.9,,,,,,,2019-01-01
서울특별시,송파구,송파동,송파,근린공원,6621.2,,,,,,,2019-01-01
서울특별시,송파구,신천동,송파나루,근린공원,285757.6,,,,,,,2019-01-01
서울특별시,송파구,문정동,숯내,근린공원,10206.5,,,,,,,2019-01-01
서울특별시,송파구,잠실동,아시아,근린공원,66027.8,,,,,,,2019-01-01
서울특별시,송파구,문정동,연화,근린공원,14318.2,,,,,,,2019-01-01
서울특별시,송파구,오금동,오금,근린공원,219167.4,,,,,,,2019-01-01
서울특별시,송파구,신천동,온조마루,근린공원,6734.2,,,,,,,2019-01-01
서울특별시,송파구,가락동,웃말,근린공원,11098.2,,,,,,,2019-01-01
서울특별시,송파구,잠실동,잠실,근린공원,6613.3,,,,,,,2019-01-01
서울특별시,송파구,장지동,장수,근린공원,9949.0,,,,,,,2019-01-01
서울특별시,송파구,장지동,장지,근린공원,133122.1,,,,,,,2019-01-01
서울특별시,송파구,마천동,천마,근린공원,182420.0,,,,,,,2019-01-01
서울특별시,송파구,풍납동,태양,근린공원,6611.6,,,,,,,2019-01-01
서울특별시,송파구,풍납동,풍납,근린공원,23746.0,,,,,,,2019-01-01
서울특별시,송파구,신천동,하늘가람,근린공원,6612.0,,,,,,,2019-01-01
서울특별시,송파구,송파동,한양,근린공원,4842.4,,,,,,,2019-01-01
서울특별시,송파구,문정동,한우물,근린공원,11385.8,,,,,,,2019-01-01
서울특별시,송파구,문정동,훼밀리,근린공원,10528.6,,,,,,,2019-01-01
서울특별시,송파구,오금동,가야금,어린이공원,1500.0,,,,,,,2019-01-01
서울특별시,송파구,문정동,개나리,어린이공원,1312.2,,,,,,,2019-01-01
서울특별시,송파구,거여동,개미,어린이공원,1500.4,,,,,,,2019-01-01
서울특별시,송파구,송파동,거북이,어린이공원,1594.0,,,,,,,2019-01-01
서울특별시,송파구,거여동,거여,어린이공원,756.6,,,,,,,2019-01-01
서울특별시,송파구,방이동,곰말,어린이공원,1707.2,,,,,,,2019-01-01
서울특별시,송파구,문정동,굴렁쇠,어린이공원,1596.1,,,,,,,2019-01-01
서울특별시,송파구,오금동,꿈나무,어린이공원,1496.3,,,,,,,2019-01-01
서울특별시,송파구,삼전동,나루터,어린이공원,1472.9,,,,,,,2019-01-01
서울특별시,송파구,마천동,남천,어린이공원,282.9,,,,,,,2019-01-01
서울특별시,송파구,장지동,늘봄,어린이공원,3004.4,,,,,,,2019-01-01
서울특별시,송파구,가락동,능골,어린이공원,1484.7,,,,,,,2019-01-01
서울특별시,송파구,가락동,대건,어린이공원,1500.0,,,,,,,2019-01-01
서울특별시,송파구,마천동,도담,어린이공원,4138.0,,,,,,,2019-01-01
서울특별시,송파구,석촌동,돌마리,어린이공원,1715.6,,,,,,,2019-01-01
서울특별시,송파구,마천동,돌무데기,어린이공원,97.6,,,,,,,2019-01-01
서울특별시,송파구,송파동,동호수,어린이공원,1469.7,,,,,,,2019-01-01
서울특별시,송파구,거여동,모슬,어린이공원,550.0,,,,,,,2019-01-01
서울특별시,송파구,방이동,몽촌,어린이공원,1560.8,,,,,,,2019-01-01
서울특별시,송파구,가락동,무궁화,어린이공원,1500.0,,,,,,,2019-01-01
서울특별시,송파구,장지동,문현,어린이공원,1523.0,,,,,,,2019-01-01
서울특별시,송파구,문정동,반딧불,어린이공원,1489.2,,,,,,,2019-01-01
서울특별시,송파구,방이동,방잇골,어린이공원,1629.6,,,,,,,2019-01-01
서울특별시,송파구,거여동,배미골,어린이공원,1500.1,,,,,,,2019-01-01
서울특별시,송파구,송파동,배밭,어린이공원,1475.8,,,,,,,2019-01-01
서울특별시,송파구,장지동,버들,어린이공원,1886.0,,,,,,,2019-01-01
서울특별시,송파구,오금동,벌말,어린이공원,1502.1,,,,,,,2019-01-01
서울특별시,송파구,오금동,복숭아,어린이공원,1500.3,,,,,,,2019-01-01
서울특별시,송파구,방이동,비둘기,어린이공원,1500.2,,,,,,,2019-01-01
서울특별시,송파구,삼전동,삼밭,어린이공원,1646.1,,,,,,,2019-01-01
서울특별시,송파구,삼전동,삼밭나루,어린이공원,1434.1,,,,,,,2019-01-01
서울특별시,송파구,삼전동,삼전,어린이공원,1644.7,,,,,,,2019-01-01
서울특별시,송파구,삼전동,삼학사,어린이공원,1648.0,,,,,,,2019-01-01
서울특별시,송파구,가락동,새말,어린이공원,1498.1,,,,,,,2019-01-01
서울특별시,송파구,송파동,새싹,어린이공원,1806.4,,,,,,,2019-01-01
서울특별시,송파구,가락동,샛팽이,어린이공원,1500.7,,,,,,,2019-01-01
서울특별시,송파구,석촌동,석촌,어린이공원,1638.4,,,,,,,2019-01-01
서울특별시,송파구,마천동,섬굴,어린이공원,368.0,,,,,,,2019-01-01
서울특별시,송파구,장지동,솔바람,어린이공원,1500.0,,,,,,,2019-01-01
서울특별시,송파구,방이동,솔밭,어린이공원,1500.1,,,,,,,2019-01-01
서울특별시,송파구,문정동,수정,어린이공원,1494.6,,,,,,,2019-01-01
서울특별시,송파구,송파동,아랑,어린이공원,1575.3,,,,,,,2019-01-01
서울특별시,송파구,오금동,아랫말,어린이공원,1500.0,,,,,,,2019-01-01
서울특별시,송파구,풍납동,아랫바람,어린이공원,198.0,,,,,,,2019-01-01
서울특별시,송파구,석촌동,아름,어린이공원,2338.7,,,,,,,2019-01-01
서울특별시,송파구,오금동,안골,어린이공원,1500.1,,,,,,,2019-01-01
서울특별시,송파구,가락동,안산골,어린이공원,1500.5,,,,,,,2019-01-01
서울특별시,송파구,송파동,어사,어린이공원,1653.4,,,,,,,2019-01-01
서울특별시,송파구,거여동,영풍,어린이공원,1500.4,,,,,,,2019-01-01
서울특별시,송파구,방이동,옛동산,어린이공원,1266.3,,,,,,,2019-01-01
서울특별시,송파구,오금동,오동나무,어린이공원,1500.0,,,,,,,2019-01-01
서울특별시,송파구,석촌동,오봉산,어린이공원,1508.0,,,,,,,2019-01-01
서울특별시,송파구,마천동,용마,어린이공원,1500.3,,,,,,,2019-01-01
서울특별시,송파구,풍납동,윗바람,어린이공원,291.0,,,,,,,2019-01-01
서울특별시,송파구,방이동,임금샘,어린이공원,1500.3,,,,,,,2019-01-01
서울특별시,송파구,거여동,잔버들,어린이공원,303.0,,,,,,,2019-01-01
서울특별시,송파구,송파동,중대,어린이공원,1497.8,,,,,,,2019-01-01
서울특별시,송파구,마천동,천상,어린이공원,12464.0,,,,,,,2019-01-01
서울특별시,송파구,마천동,초록,어린이공원,343.9,,,,,,,2019-01-01
서울특별시,송파구,거여동,큰바위,어린이공원,1508.1,,,,,,,2019-01-01
서울특별시,송파구,오금동,큰솔,어린이공원,1500.0,,,,,,,2019-01-01
서울특별시,송파구,가락동,투구봉,어린이공원,1502.9,,,,,,,2019-01-01
서울특별시,송파구,장지동,한림,어린이공원,1504.0,,,,,,,2019-01-01
서울특별시,송파구,문정동,한샘,어린이공원,1688.0,,,,,,,2019-01-01
서울특별시,송파구,거여동,향나무,어린이공원,1512.4,,,,,,,2019-01-01
서울특별시,송파구,문정동,호돌이,어린이공원,1545.1,,,,,,,2019-01-01
서울특별시,송파구,문정동,호순이,어린이공원,1560.2,,,,,,,2019-01-01
서울특별시,송파구,문정동,희망,어린이공원,1495.8,,,,,,,2019-01-01
서울특별시,송파구,마천동,늘푸른,소공원,921.0,,,,,,,2019-01-01
서울특별시,송파구,방이동,평화,소공원,1651.3,,,,,,,2019-01-01
서울특별시,송파구,거여동,능안,기타,1597.8,,,,,,,2019-01-01
서울특별시,송파구,마천동,돌무데기놀이터,기타,455.0,,,,,,,2019-01-01
서울특별시,송파구,풍납동,풍납타이어,기타,291.0,,,,,,,2019-01-01
서울특별시,송파구,가락동,가락1(시영아파트),근린공원,19159.2,,,,,,,2019-01-01
서울특별시,송파구,문정동,문이,근린공원,20856.2,,,,,,,2019-01-01
서울특별시,송파구,마천동,솔향(거마재정비),근린공원,10042.0,,,,,,,2019-01-01
서울특별시,송파구,거여동,위례 근린공원1호,근린공원,200327.0,,,,,,,2019-01-01
서울특별시,송파구,거여동,위례 근린공원3호,근린공원,42448.0,,,,,,,2019-01-01
서울특별시,송파구,장지동,위례 근린공원12호,근린공원,17872.0,,,,,,,2019-01-01
서울특별시,송파구,잠실동,잠실주공5단지 근린공원,근린공원,10741.0,,,,,,,2019-01-01
서울특별시,송파구,거여동,향유(거마재정비),근린공원,10569.0,,,,,,,2019-01-01
서울특별시,송파구,가락동,가락1(시영아파트),어린이공원,1617.7,,,,,,,2019-01-01
서울특별시,송파구,문정동,문정동136 어린이공원,어린이공원,4685.0,,,,,,,2019-01-01
서울특별시,송파구,거여동,위례 어린이공원1호,어린이공원,1594.0,,,,,,,2019-01-01
서울특별시,송파구,신천동,잠실미성크로바,어린이공원,3644.0,,,,,,,2019-01-01
서울특별시,송파구,신천동,잠실진주,어린이공원,4470.0,,,,,,,2019-01-01
서울특별시,송파구,신천동,장미아파트1호,어린이공원,5470.0,,,,,,,2019-01-01
서울특별시,송파구,신천동,장미아파트2호,어린이공원,3288.0,,,,,,,2019-01-01
서울특별시,송파구,거여동,거여1(거마재정비),소공원,1139.7,,,,,,,2019-01-01
서울특별시,송파구,마천동,거여2(거마재정비),소공원,1501.0,,,,,,,2019-01-01
서울특별시,송파구,마천동,거여3(거마재정비),소공원,591.0,,,,,,,2019-01-01
서울특별시,송파구,마천동,거여4(거마재정비),소공원,5420.0,,,,,,,2019-01-01
서울특별시,송파구,마천동,거여5(거마재정비),소공원,7682.0,,,,,,,2019-01-01
서울특별시,송파구,마천동,거여6(거마재정비),소공원,612.0,,,,,,,2019-01-01
서울특별시,송파구,문정동,문정동136 소공원,소공원,407.5,,,,,,,2019-01-01
서울특별시,송파구,잠실동,잠실주공5단지 소공원,소공원,8228.0,,,,,,,2019-01-01
서울특별시,송파구,장지동,송례(위례 근린공원8호),근린공원,10024.6,,,,,,,2019-01-01
서울특별시,송파구,신천동,신천어린이교통,근린공원,12755.5,,,,,,,2019-01-01
서울특별시,송파구,오금동,오금지구 근린공원,근린공원,11488.0,,,,,,,2019-01-01
서울특별시,송파구,장지동,위례별(위례 근린공원7호),근린공원,12204.7,,,,,,,2019-01-01
서울특별시,송파구,방이동,방이동고분,역사공원,30293.7,,,,,,,2019-01-01
서울특별시,송파구,석촌동,백제초기적석총,역사공원,45137.8,,,,,,,2019-01-01
서울특별시,송파구,오금동,오금지구 수변공원,수변공원,4302.0,,,,,,,2019-01-01
서울특별시,송파구,마천동,성내천,기타,61050.0,,,,,,,2019-01-01
서울특별시,송파구,방이동,올림픽공원,기타,1447122.3,,,,,,,2019-01-01
서울특별시,송파구,장지동,탄천,기타,161970.0,,,,,,,2019-01-01
서울특별시,중랑구,묵동,묵동소공원,소공원,167.2,,,,,,,2018-10-08
서울특별시,중랑구,면목동,코오롱하늘채앞소공원,소공원,1221.8,,,,,,,2018-10-08
서울특별시,중랑구,묵동,봉화산근린공원,근린공원,977.5,,,,,,,2018-10-08
서울특별시,중랑구,신내동,신내공원(신내택지개발지구 근린공원2),근린공원,18699.0,,,,,,,2018-10-08
서울특별시,중랑구,신내동,신내택지개발지구 근린공원3,근린공원,22474.0,,,,,,,2018-10-08
서울특별시,중랑구,신내동,능산공원,근린공원,12351.0,,,,,,,2018-10-08
서울특별시,중랑구,신내동,신내어울공원,근린공원,12916.0,,,,,,,2018-10-08
서울특별시,중랑구,신내동,구릉공원,근린공원,25651.0,,,,,,,2018-10-08
서울특별시,중랑구,신내동,능말공원,근린공원,19101.0,,,,,,,2018-10-08
서울특별시,중랑구,신내동,배말공원,근린공원,19902.0,,,,,,,2018-10-08
서울특별시,중랑구,면목동,용마도시자연공원,기타,2800624.0,,,,,,,2018-10-08
서울특별시,노원구,상계동,수락산공원,도시농업공원,6692795.0,,,,,등산로 및 각종시설,,2019-01-29
서울특별시,노원구,중계동,불암산공원,도시농업공원,5334267.0,,,,,등산로 및 각종시설,,2019-01-29
부산광역시,동래구,명륜동,동래사적공원,근린공원,584030.0,"에어로빅장, 농구장",,"주차장,화장실",문화회관,"박물관, 문화재시설",1972.0,2019-03-21
부산광역시,동래구,명장동,명장공원,근린공원,127050.0,,,,,,1972.0,2019-03-21
부산광역시,동래구,온천동,온천아파트공원,근린공원,12088.0,,,,,,1982.0,2019-03-21
부산광역시,동래구,낙민동,수민어울공원,근린공원,11841.0,,,,,,1982.0,2019-03-21
부산광역시,동래구,낙민동,낙민공원,근린공원,5984.7,"테니스장, 씨름장, 농구장",조합놀이대,화장실,,,1982.0,2019-03-21
부산광역시,동래구,낙민동,연안수민공원,근린공원,2418.3,,,,,,1982.0,2019-03-21
부산광역시,동래구,온천동,온천공원,근린공원,125750.0,,,,,,1995.0,2019-03-21
부산광역시,동래구,온천동,금강공원,근린공원,3096579.0,,,,,,1965.0,2019-03-21
부산광역시,동래구,복천동,복천동고분군공원,역사공원,45130.0,,,"주차장,화장실",-,문화재시설,2014.0,2019-03-21
부산광역시,동래구,안락동,충렬사공원,역사공원,95804.0,,,"주차장,화장실",충렬사,,2015.0,2019-03-21
부산광역시,동래구,사직동,쇠미소공원,소공원,10824.0,,,,,,2012.0,2019-03-21
부산광역시,동래구,명장동,명장소공원,소공원,2820.0,,조합놀이대,,,,2013.0,2019-03-21
부산광역시,동래구,사직동,SWITZEN PARK,소공원,666.3,,,,,,2006.0,2019-03-21
부산광역시,동래구,온천동,온천4공원(온천2주택재개발),소공원,899.0,,,,,,2007.0,2019-03-21
부산광역시,동래구,온천동,온천5공원(온천2주택재개발),소공원,369.0,,,,,,2007.0,2019-03-21
부산광역시,동래구,온천동,고당공원,소공원,521.0,,,,,,2010.0,2019-03-21
부산광역시,동래구,온천동,금산공원,소공원,407.0,,,,,,2010.0,2019-03-21
부산광역시,동래구,사직동,한길소공원,소공원,724.6,,,,,,2007.0,2019-03-21
부산광역시,동래구,사직동,여고소공원,소공원,2062.7,,,,,,2007.0,2019-03-21
부산광역시,동래구,칠산동,소공원(복산1주택재개발),소공원,2848.0,,,,,,2008.0,2019-03-21
부산광역시,동래구,복천동,소공원(복산2주택재개발),소공원,3090.0,,,,,,2008.0,2019-03-21
부산광역시,동래구,명장동,소공원(안락1주택재건축),소공원,4044.5,,,,,,2012.0,2019-03-21
부산광역시,동래구,안락동,소공원(안락1주택재건축),소공원,953.4,,,,,,2012.0,2019-03-21
부산광역시,동래구,명장동,명서공원,어린이공원,972.0,,조합놀이대,,,,1982.0,2019-03-21
부산광역시,동래구,명장동,세실공원,어린이공원,1152.0,,조합놀이대,,,,1982.0,2019-03-21
부산광역시,동래구,안락동,안락꽃밭공원,어린이공원,1157.0,,조합놀이대,,,,1973.0,2019-03-21
부산광역시,동래구,수안동,수안체육공원,어린이공원,1732.7,게이트볼장,,화장실,,,1973.0,2019-03-21
부산광역시,동래구,낙민동,연안꽃동산공원,어린이공원,728.2,,,,,,1973.0,2019-03-21
부산광역시,동래구,온천동,온천공원,어린이공원,598.0,,조합놀이대,,,,1998.0,2019-03-21
부산광역시,동래구,온천동,온천3동공원,어린이공원,657.9,,,,,,1969.0,2019-03-21
부산광역시,동래구,온천동,미남공원,어린이공원,661.2,,조합놀이대,,,,1969.0,2019-03-21
부산광역시,동래구,사직동,사직놀이공원,어린이공원,660.8,,조합놀이대,,,,1969.0,2019-03-21
부산광역시,동래구,사직동,사직한밭공원,어린이공원,656.5,,조합놀이대,,,,1969.0,2019-03-21
부산광역시,동래구,사직동,단비동산공원,어린이공원,658.5,,,,,,1969.0,2019-03-21
부산광역시,동래구,안락동,안락꿈돌이공원,어린이공원,1615.2,,조합놀이대,,,,1972.0,2019-03-21
부산광역시,동래구,명장동,명장한마음공원,어린이공원,1616.9,,조합놀이대,,,,1972.0,2019-03-21
부산광역시,동래구,안락동,어린이공원(복산1주택재개발),어린이공원,1551.0,,,,,,2008.0,2019-03-21
부산광역시,동래구,온천동,하늘공원(온천1공원),어린이공원,3647.0,,,,,,2006.0,2019-03-21
부산광역시,동래구,온천동,꿈나무공원(온천2공원),어린이공원,3379.0,,,,,,2006.0,2019-03-21
부산광역시,동래구,온천동,숲향기공원(온천3공원),어린이공원,3407.0,,,,,,2007.0,2019-03-21
부산광역시,동래구,명장동,어린이공원(안락1주택재건축),어린이공원,1544.6,,,,,,2012.0,2019-03-21
부산광역시,동래구,명장동,어린이공원(안락1주택재건축),어린이공원,1638.3,,,,,,2012.0,2019-03-21
부산광역시,동래구,명장동,화현공원,어린이공원,1960.0,,조합놀이대,,,,1982.0,2019-03-21
부산광역시,동래구,온천동,온새미로공원,소공원,529.6,,,,,,2015.0,2019-03-21
부산광역시,동래구,사직동,어린이공원(사직1-6재건축),어린이공원,2660.0,,,,,,2015.0,2019-03-21
부산광역시,서구,암남동,송도공원,근린공원,106343.8,-,-,"""케이블카 하부정류장, 주차장, 화장실 등""",-,"""인공폭포, 음악분수, 바닥분수 등""",1944.0,2018-10-08
부산광역시,서구,서대신동3가,중앙공원(대신공원),근린공원,2090000.0,궁도장,,화장실,구덕민속예술관,,1986.0,2018-10-08
부산광역시,서구,암남동,암남공원,근린공원,553277.0,-,-,"""케이블카 상부정류장, 화장실 등""",-,광장 등,1972.0,2018-10-08
부산광역시,서구,암남동,진정산공원,근린공원,865826.0,미조성,미조성,미조성,미조성,미조성,2000.0,2018-10-08
부산광역시,서구,서대신동1가,부민산공원,근린공원,205950.2,미조성,미조성,미조성,미조성,미조성,2010.0,2018-10-08
부산광역시,서구,서대신동3가,엄광산어린이공원,어린이공원,14835.0,-,놀이마당,"""화장실, 음수장""",미조성,"""입구광장, 관리사무실 등""",2016.0,2018-10-08
부산광역시,서구,남부민동,어린이공원,어린이공원,403.0,미조성,미조성,미조성,미조성,미조성,2016.0,2018-10-08
부산광역시,서구,암남동,소공원,소공원,1957.8,미조성,미조성,미조성,미조성,미조성,2015.0,2018-10-08
부산광역시,서구,암남동,소공원,소공원,2148.3,미조성,미조성,미조성,미조성,미조성,2015.0,2018-10-08
부산광역시,서구,남부민동,톤즈공원,문화공원,1477.0,미조성,미조성,미조성,미조성,미조성,2016.0,2018-10-08
부산광역시,서구,암남동,두도공원,수변공원,50000.0,미조성,미조성,미조성,미조성,미조성,1972.0,2018-10-08
서울특별시,광진구,화양동,가중나무공원,어린이공원,971.6,,조합놀이대,화장실,,,1969.0,2019-02-26
서울특별시,광진구,화양동,한아름공원,어린이공원,936.2,,"조합놀이대, 그네 , 흔들놀이기구",화장실,,,1969.0,2019-02-26
서울특별시,광진구,화양동,해님공원,어린이공원,1002.3,,"조합놀이대, 그네 , 시소, 흔들놀이기구",화장실,,,1969.0,2019-02-26
서울특별시,광진구,화양동,화양공원,어린이공원,996.4,,조합놀이대,화장실,,,1969.0,2019-02-26
서울특별시,광진구,화양동,화양동정자마당공원,소공원,2382.0,,,,,,2002.0,2019-02-26
서울특별시,광진구,군자동,남일공원,어린이공원,238.0,,"조합놀이대, 그네",,,,1979.0,2019-02-26
서울특별시,광진구,군자동,군자공원,어린이공원,642.0,,"조합놀이대, 시소",,,경로당,1993.0,2019-02-26
서울특별시,광진구,능동,능동정자마당공원,소공원,1518.0,,,,,,2005.0,2019-02-26
서울특별시,광진구,구의동,구의가로휴식공원,소공원,95.2,,,,,,1971.0,2019-02-26
서울특별시,광진구,광장동,온달공원,어린이공원,1012.0,,"조합놀이대, 그네, 흔들놀이기구",화장실,,경로당,1978.0,2019-02-26
서울특별시,광진구,광장동,평강공원,어린이공원,325.0,,그네,화장실,,,1984.0,2019-02-26
서울특별시,용산구,효창동,효창공원,근린공원,171277.0,"운동장, 배드민턴장, 게이트볼장 등","조합놀이대, 그네 등","주차장, 매점, 화장실, 음수대 등","동상, 탑기념비",,1940.0,2019-01-22
서울특별시,용산구,후암동,새나라어린이공원,어린이공원,2340.0,다목적 인조잔디마당,"조합놀이대, 그네 등","화장실, 음수대",,,1940.0,2019-01-22
서울특별시,용산구,원효로3가,늘푸른어린이공원,어린이공원,2300.0,,"조합놀이대, 그네 등",화장실,,,1940.0,2019-01-22
서울특별시,용산구,동자동,동자어린이공원,어린이공원,712.0,,"조합놀이대, 그네 등",화장실,,,1940.0,2019-01-22
서울특별시,용산구,동자동,새꿈어린이공원,어린이공원,1828.0,,조합놀이대,화장실,,,1940.0,2019-01-22
서울특별시,용산구,청파동3가,돌모루어린이공원,어린이공원,3447.0,,조합놀이대,"주차장, 화장실",,,1940.0,2019-01-22
서울특별시,용산구,신계동,신계공원,역사공원,15000.0,,,"화장실, 음수대",,,1940.0,2019-01-22
서울특별시,용산구,한남동,응봉공원,근린공원,187834.0,"테니스장, 배드민턴장 등","조합놀이대, 모래놀이터 등","주차장, 화장실",,,1977.0,2019-01-22
서울특별시,용산구,동자동,두텁바위어린이공원,어린이공원,2623.0,,조합놀이대,,,,1978.0,2019-01-22
서울특별시,용산구,효창동,효창어린이공원,어린이공원,525.0,,,,,,1981.0,2019-01-22
서울특별시,용산구,이촌동,새푸리공원,소공원,231.0,,조합놀이대,,,,1992.0,2019-01-22
서울특별시,용산구,도원동,도원어린이공원,어린이공원,1500.0,,"조합놀이대, 그네 등",화장실,,,1994.0,2019-01-22
서울특별시,용산구,이촌동,강변공원,소공원,1766.0,,조합놀이대,음수대,,,1995.0,2019-01-22
서울특별시,용산구,한강로1가,솔밭어린이공원,어린이공원,2090.0,,조합놀이대,,,,2001.0,2019-01-22
서울특별시,용산구,신창동,신창동어린이공원,어린이공원,257.0,,,,,,2003.0,2019-01-22
서울특별시,용산구,용산동5가,서빙고공원,근린공원,11879.0,,,음수대,,,2003.0,2019-01-22
서울특별시,용산구,한강로3가,기와터공원,근린공원,2225.0,,,음수대,,,2003.0,2019-01-22
서울특별시,용산구,문배동,문배어린이공원,어린이공원,842.0,,"조합놀이대, 그네 등",,,,2003.0,2019-01-22
서울특별시,용산구,후암동,후암어린이공원,어린이공원,182.0,,,,,,2005.0,2019-01-22
서울특별시,용산구,이촌동,비상공원,소공원,889.0,,조합놀이대,,,,2006.0,2019-01-22
서울특별시,용산구,이촌동,청탑공원,소공원,546.0,,,,,,2006.0,2019-01-22
서울특별시,용산구,이촌동,사촌공원,소공원,1500.0,,조합놀이대,,,,2006.0,2019-01-22
서울특별시,용산구,이촌동,강변복지공원,소공원,377.0,,조합놀이대,,,,2006.0,2019-01-22
서울특별시,용산구,이촌동,이촌한우리공원,소공원,4325.0,,,음수대,,,2006.0,2019-01-22
서울특별시,용산구,문배동,해님공원,소공원,1255.0,,그네,,,,2009.0,2019-01-22
서울특별시,용산구,문배동,달님공원,소공원,1195.0,,그네,,,,2009.0,2019-01-22
서울특별시,용산구,문배동,별님공원,소공원,1137.0,,,,,,2009.0,2019-01-22
서울특별시,용산구,한남동,독서당공원,소공원,469.0,,그네,,,,2010.0,2019-01-22
서울특별시,용산구,한남동,한남공원,소공원,432.0,,조합놀이대,,,,2010.0,2019-01-22
서울특별시,용산구,이태원동,이태원어린이놀이터,소공원,278.0,,조합놀이대,,,,2010.0,2019-01-22
서울특별시,용산구,한강로3가,한강대로공원,소공원,466.0,,,,,,2011.0,2019-01-22
서울특별시,용산구,이태원동,이태원부군당,역사공원,2020.0,,,,"동상, 탑기념비",,2013.0,2019-01-22
부산광역시,사하구,다대동,근린공원,근린공원,21366.0,,,,,,1983.0,2019-01-01
부산광역시,사하구,다대동,아미산자생식물원,근린공원,28350.2,,,,,,1985.0,2019-01-01
부산광역시,사하구,신평동,신평레포츠공원,체육공원,13223.1,,,,,,1994.0,2019-01-01
부산광역시,사하구,당리동,당리공원,근린공원,103400.0,,,,,,1995.0,2019-01-01
부산광역시,사하구,다대동,거북섬유원지,기타,355000.0,,,,,,1995.0,2019-01-01
부산광역시,사하구,구평동,씨앗공원,어린이공원,1802.2,,,,,,1996.0,2019-01-01
부산광역시,사하구,구평동,풀꽃공원,어린이공원,1502.6,,,,,,1996.0,2019-01-01
부산광역시,사하구,구평동,열매공원,어린이공원,1657.3,,,,,,1996.0,2019-01-01
부산광역시,사하구,감천동,진정산공원,근린공원,70618.0,,,,,,2000.0,2019-01-01
부산광역시,사하구,다대동,통일아시아드공원,근린공원,9915.3,,,,,,2003.0,2019-01-01
부산광역시,사하구,당리동,희망공원,어린이공원,989.3,,,,,,2003.0,2019-01-01
부산광역시,사하구,감천동,해찬나래공원,어린이공원,4422.0,,,,,,2006.0,2019-01-01
부산광역시,사하구,다대동,홍티문화공원,문화공원,6787.0,,,,,,2006.0,2019-01-01
부산광역시,사하구,다대동,아미산전망대공원,근린공원,10254.6,,,,,,2009.0,2019-01-01
부산광역시,사하구,괴정동,부민산공원,근린공원,9899.8,,,,,,2010.0,2019-01-01
부산광역시,사하구,괴정동,회화나무 샘터공원,소공원,1300.0,,,,,,2012.0,2019-01-01
부산광역시,사하구,다대동,다대가로공원,기타,4650.0,,,,,,2014.0,2019-01-01
부산광역시,사하구,하단동,에덴유원지,기타,72712.0,,,,,,1972.0,2019-01-01
부산광역시,사하구,다대동,초롱공원,어린이공원,1504.3,,,,,,1983.0,2019-01-01
부산광역시,사하구,다대동,다대생태문화공원,문화공원,2338.0,,,,,,2014.0,2019-01-01
부산광역시,사하구,다대동,다대포해변공원,수변공원,155483.0,,,,,,2017.0,2019-01-01
부산광역시,사하구,구평동,구평뜰공원,소공원,605.0,,,,,,2013.0,2019-01-01
부산광역시,사하구,감천동,안골새공원,소공원,1368.0,,,,,,2016.0,2019-01-01
부산광역시,사하구,감천동,팽나무공원,소공원,558.0,,,,,,2017.0,2019-01-01
부산광역시,사하구,괴정동,소공원,소공원,6000.0,,,,,,2017.0,2019-01-01
부산광역시,사하구,괴정동,소공원,소공원,523.0,,,,,,2017.0,2019-01-01
부산광역시,사하구,괴정동,소공원,소공원,1060.0,,,,,,2017.0,2019-01-01
부산광역시,사하구,감천동,느티나무공원,소공원,1400.0,,,,,,2018.0,2019-01-01
부산광역시,사하구,괴정동,어린이공원,어린이공원,2735.0,,,,,,2017.0,2019-01-01
부산광역시,사하구,신평동,어린이공원,어린이공원,2768.0,,,,,,2018.0,2019-01-01
부산광역시,사하구,구평동,구평 근린공원,근린공원,12291.8,,,,,,1996.0,2019-01-01
부산광역시,사하구,감천동,도시농업공원,도시농업공원,50417.0,,,,,,2017.0,2019-01-01
서울특별시,강남구,압구정동,신사근린공원,근린공원,6800.0,,,,,,,2018-08-27
서울특별시,강남구,일원동,대청근린공원,근린공원,14089.1,,,,,,,2018-08-27
서울특별시,강남구,일원동,늘푸른근린공원,근린공원,11410.3,,,,,,,2018-08-27
서울특별시,강남구,개포동,개포서근린공원,근린공원,11219.2,,,,,,,2018-08-27
서울특별시,강남구,개포동,개포동근린공원,근린공원,9705.6,,,,,,,2018-08-27
서울특별시,강남구,대치동,대치근린공원,근린공원,10408.9,,,,,,,2018-08-27
서울특별시,강남구,대치동,늘벗근린공원,근린공원,19812.3,,,,,,,2018-08-27
서울특별시,강남구,도곡동,독골근린공원,근린공원,10022.9,,,,,,,2018-08-27
서울특별시,강남구,개포동,포이근린공원,근린공원,16811.4,,,,,,,2018-08-27
서울특별시,강남구,개포동,청룡근린공원,근린공원,9367.0,,,,,,,2018-08-27
서울특별시,강남구,개포동,배밭근린공원,근린공원,11627.2,,,,,,,2018-08-27
서울특별시,강남구,개포동,학여울근린공원,근린공원,12505.6,,,,,,,2018-08-27
서울특별시,강남구,청담동,청수근린공원,근린공원,17402.0,,,,,,,2018-08-27
서울특별시,강남구,청담동,청담근린공원,근린공원,59347.0,,,,,,,2018-08-27
서울특별시,강남구,대치동,한티근린공원,근린공원,19200.0,,,,,,,2018-08-27
서울특별시,강남구,개포동,개포근린공원,근린공원,90063.9,,,,,,,2018-08-27
서울특별시,강남구,개포동,달터근린공원,근린공원,232078.2,,,,,,,2018-08-27
서울특별시,강남구,개포동,대진근린공원,근린공원,13568.4,,,,,,,2018-08-27
서울특별시,강남구,수서동,탄천근린공원,근린공원,10011.0,,,,,,,2018-08-27
서울특별시,강남구,일원동,한솔근린공원,근린공원,12878.4,,,,,,,2018-08-27
서울특별시,강남구,논현동,학동근린공원,근린공원,29947.0,,,,,,,2018-08-27
서울특별시,강남구,삼성동,삼성은행나무근린공원,근린공원,1500.0,,,,,,,2018-08-27
서울특별시,강남구,도곡동,도곡근린공원,근린공원,254648.0,,,,,,,2018-08-27
서울특별시,강남구,도곡동,싸리고개근린공원,근린공원,15072.5,,,,,,,2018-08-27
서울특별시,강남구,압구정동,갈매기근린공원,근린공원,7732.0,,,,,,,2018-08-27
서울특별시,강남구,역삼동,도성근린공원,근린공원,1988.8,,,,,,,2018-08-27
서울특별시,강남구,역삼동,송운근린공원,근린공원,1175.0,,,,,,,2018-08-27
서울특별시,강남구,역삼동,언주근린공원,근린공원,1110.8,,,,,,,2018-08-27
서울특별시,강남구,역삼동,영동근린공원,근린공원,1293.6,,,,,,,2018-08-27
서울특별시,강남구,신사동,도산근린공원,근린공원,29816.5,,,,,,,2018-08-27
서울특별시,강남구,역삼동,길섶근린공원,근린공원,1580.6,,,,,,,2018-08-27
서울특별시,강남구,도곡동,매봉근린공원,근린공원,6146.9,,,,,,,2018-08-27
서울특별시,강남구,역삼동,봉은근린공원,근린공원,1147.7,,,,,,,2018-08-27
서울특별시,강남구,삼성동,배꽃근린공원,근린공원,1592.9,,,,,,,2018-08-27
서울특별시,강남구,삼성동,반달근린공원,근린공원,679.3,,,,,,,2018-08-27
서울특별시,강남구,삼성동,샘터근린공원,근린공원,1799.5,,,,,,,2018-08-27
서울특별시,강남구,삼성동,학봉근린공원,근린공원,1343.0,,,,,,,2018-08-27
서울특별시,강남구,대치동,큰골근린공원,근린공원,1688.1,,,,,,,2018-08-27
서울특별시,강남구,역삼동,새뜰근린공원,근린공원,427.6,,,,,,,2018-08-27
서울특별시,강남구,수서동,수서제2근린공원,근린공원,44587.5,,,,,,,2018-08-27
서울특별시,강남구,일원동,수서택지개발(대모산부근),근린공원,11588.6,,,,,,,2018-08-27
서울특별시,강남구,수서동,수서택지개발(광평부근),근린공원,7569.1,,,,,,,2018-08-27
서울특별시,강남구,세곡동,세곡동 근린공원1,근린공원,10310.4,,,,,,,2018-08-27
서울특별시,강남구,세곡동,세곡공원,근린공원,101513.0,,,,,,,2018-08-27
서울특별시,강남구,세곡동,돌산공원,근린공원,98417.0,,,,,,,2018-08-27
서울특별시,강남구,수서동,광평공원,근린공원,519782.0,,,,,,,2018-08-27
서울특별시,강남구,삼성동,봉은역사공원,역사공원,75635.7,,,,,,,2018-08-27
서울특별시,강남구,역삼동,역삼문화공원,문화공원,33974.9,,,,,,,2018-08-27
서울특별시,강남구,역삼동,다솜소공원,소공원,604.1,,,,,,,2018-08-27
서울특별시,강남구,도곡동,도곡단비소공원,소공원,896.5,,,,,,,2018-08-27
서울특별시,강남구,도곡동,도곡동 426-9(로덴하우스)소공원,소공원,80.0,,,,,,,2018-08-27
서울특별시,강남구,역삼동,역삼나들이소공원,소공원,650.0,,,,,,,2018-08-27
서울특별시,강남구,논현동,아크로힐스소공원,소공원,800.0,,,,,,,2018-08-27
서울특별시,강남구,논현동,논현까치공원,어린이공원,956.7,,,,,,,2018-08-27
서울특별시,강남구,논현동,논현목련공원,어린이공원,986.0,,,,,,,2018-08-27
서울특별시,강남구,논현동,논현은행나무공원,어린이공원,1014.5,,,,,,,2018-08-27
서울특별시,강남구,논현동,논현개나리공원,어린이공원,1652.9,,,,,,,2018-08-27
서울특별시,강남구,논현동,논현무궁화공원,어린이공원,1879.7,,,,,,,2018-08-27
서울특별시,강남구,논현동,논현소나무공원,어린이공원,1819.9,,,,,,,2018-08-27
서울특별시,강남구,논현동,학동공원,어린이공원,1498.5,,,,,,,2018-08-27
서울특별시,강남구,신사동,신사은행나무공원,어린이공원,1240.1,,,,,,,2018-08-27
서울특별시,강남구,신사동,신사목련공원,어린이공원,1001.1,,,,,,,2018-08-27
서울특별시,강남구,신사동,신사무궁화공원,어린이공원,1641.8,,,,,,,2018-08-27
서울특별시,강남구,신사동,신사까치공원,어린이공원,992.9,,,,,,,2018-08-27
서울특별시,강남구,신사동,신사개나리공원,어린이공원,991.3,,,,,,,2018-08-27
서울특별시,강남구,압구정동,압구정목련공원,어린이공원,2027.2,,,,,,,2018-08-27
서울특별시,강남구,압구정동,압구정은행나무공원,어린이공원,2547.4,,,,,,,2018-08-27
서울특별시,강남구,삼성동,삼성목련공원,어린이공원,1641.4,,,,,,,2018-08-27
서울특별시,강남구,삼성동,삼성까치공원,어린이공원,1462.9,,,,,,,2018-08-27
서울특별시,강남구,청담동,청담은행나무공원,어린이공원,1643.8,,,,,,,2018-08-27
서울특별시,강남구,청담동,청담목련공원,어린이공원,1642.1,,,,,,,2018-08-27
서울특별시,강남구,도곡동,도곡까치공원,어린이공원,1793.8,,,,,,,2018-08-27
서울특별시,강남구,도곡동,도곡목련공원,어린이공원,1709.2,,,,,,,2018-08-27
서울특별시,강남구,역삼동,역삼장미공원,어린이공원,1636.6,,,,,,,2018-08-27
서울특별시,강남구,역삼동,역삼까치공원,어린이공원,987.2,,,,,,,2018-08-27
서울특별시,강남구,역삼동,역삼무궁화공원,어린이공원,991.5,,,,,,,2018-08-27
서울특별시,강남구,역삼동,역삼개나리공원,어린이공원,1635.0,,,,,,,2018-08-27
서울특별시,강남구,역삼동,역삼소나무공원,어린이공원,987.3,,,,,,,2018-08-27
서울특별시,강남구,역삼동,역삼은행나무공원,어린이공원,1647.1,,,,,,,2018-08-27
서울특별시,강남구,대치동,대치목련공원,어린이공원,1649.1,,,,,,,2018-08-27
서울특별시,강남구,대치동,대치까치공원,어린이공원,992.2,,,,,,,2018-08-27
서울특별시,강남구,대치동,대치은행나무공원,어린이공원,1618.7,,,,,,,2018-08-27
서울특별시,강남구,개포동,개포까치공원,어린이공원,1690.2,,,,,,,2018-08-27
서울특별시,강남구,개포동,개포공원,어린이공원,4793.8,,,,,,,2018-08-27
서울특별시,강남구,개포동,개포개나리공원,어린이공원,1500.6,,,,,,,2018-08-27
서울특별시,강남구,개포동,개포은행나무공원,어린이공원,1641.7,,,,,,,2018-08-27
서울특별시,강남구,개포동,개포목련공원,어린이공원,1639.1,,,,,,,2018-08-27
서울특별시,강남구,일원동,일원은행나무공원,어린이공원,1500.3,,,,,,,2018-08-27
서울특별시,강남구,일원동,일원목련공원,어린이공원,1613.8,,,,,,,2018-08-27
서울특별시,강남구,일원동,일원까치공원,어린이공원,1476.3,,,,,,,2018-08-27
서울특별시,강남구,수서동,궁마을공원,어린이공원,306.0,,,,,,,2018-08-27
서울특별시,강남구,개포동,예지공원,어린이공원,1535.9,,,,,,,2018-08-27
서울특별시,강남구,개포동,한마음공원,어린이공원,2488.1,,,,,,,2018-08-27
서울특별시,강남구,일원동,일원장미공원,어린이공원,1500.0,,,,,,,2018-08-27
서울특별시,강남구,일원동,일원개나리공원,어린이공원,4453.6,,,,,,,2018-08-27
서울특별시,강남구,일원동,일원느티나무공원,어린이공원,1825.7,,,,,,,2018-08-27
서울특별시,강남구,일원동,일원소나무공원,어린이공원,1500.6,,,,,,,2018-08-27
서울특별시,강남구,일원동,일원상록수공원,어린이공원,1500.4,,,,,,,2018-08-27
서울특별시,강남구,일원동,일원비둘기공원,어린이공원,1501.0,,,,,,,2018-08-27
서울특별시,강남구,일원동,일원진달래공원,어린이공원,1500.1,,,,,,,2018-08-27
서울특별시,강남구,수서동,일원새싹공원,어린이공원,1500.2,,,,,,,2018-08-27
서울특별시,강남구,수서동,수서까치공원,어린이공원,1500.2,,,,,,,2018-08-27
서울특별시,강남구,수서동,수서은행나무공원,어린이공원,1500.4,,,,,,,2018-08-27
서울특별시,강남구,수서동,수서목련공원,어린이공원,1418.8,,,,,,,2018-08-27
서울특별시,강남구,수서동,수서개나리공원,어린이공원,1500.1,,,,,,,2018-08-27
서울특별시,강남구,세곡동,아래반고개공원,어린이공원,863.0,,,,,,,2018-08-27
서울특별시,강남구,세곡동,윗반고개공원,어린이공원,1250.0,,,,,,,2018-08-27
서울특별시,강남구,세곡동,은곡마을공원,어린이공원,2686.0,,,,,,,2018-08-27
서울특별시,강남구,자곡동,쟁골공원,어린이공원,468.0,,,,,,,2018-08-27
서울특별시,강남구,자곡동,못골공원,어린이공원,749.0,,,,,,,2018-08-27
서울특별시,강남구,율현동,윗방죽마을공원,어린이공원,935.0,,,,,,,2018-08-27
서울특별시,강남구,율현동,아래방죽마을공원,어린이공원,386.0,,,,,,,2018-08-27
서울특별시,강남구,역삼동,충현공원,어린이공원,2721.8,,,,,,,2018-08-27
서울특별시,강남구,세곡동,세곡천공원,어린이공원,2645.1,,,,,,,2018-08-27
서울특별시,강남구,세곡동,대왕공원,어린이공원,2633.1,,,,,,,2018-08-27
서울특별시,강남구,세곡동,근린공원1호,근린공원,18856.7,,,,,,,2018-08-27
서울특별시,강남구,자곡동,근린공원2호,근린공원,5236.8,,,,,,,2018-08-27
서울특별시,강남구,자곡동,근린공원3호,근린공원,38003.6,,,,,,,2018-08-27
서울특별시,강남구,자곡동,근린공원4호,근린공원,24247.1,,,,,,,2018-08-27
서울특별시,강남구,자곡동,근린공원5호,근린공원,21560.9,,,,,,,2018-08-27
서울특별시,강남구,자곡동,근린공원6호,근린공원,19739.5,,,,,,,2018-08-27
서울특별시,강남구,자곡동,근린공원7호,근린공원,12093.0,,,,,,,2018-08-27
서울특별시,강남구,세곡동,수변공원2호,수변공원,3713.3,,,,,,,2018-08-27
서울특별시,강남구,세곡동,쉼표소공원,소공원,1199.2,,,,,,,2018-08-27
서울특별시,강남구,대치동,대치청실아파트 소공원1,소공원,3845.0,,,,,,,2018-08-27
서울특별시,강남구,대치동,대치청실아파트 소공원2,소공원,610.0,,,,,,,2018-08-27
서울특별시,강남구,역삼동,역삼미소공원,소공원,576.0,,,,,,,2018-08-27
서울특별시,강남구,도곡동,도곡햇살공원,소공원,558.5,,,,,,,2018-08-27
서울특별시,강남구,세곡동,도담공원,어린이공원,4282.7,,,,,,,2018-08-27
서울특별시,강남구,세곡동,행복공원,어린이공원,2483.5,,,,,,,2018-08-27
서울특별시,강남구,대치동,대치에스케이뷰1 소공원,소공원,302.0,,,,,,,2018-08-27
서울특별시,강남구,대치동,대치에스케이뷰2 소공원,소공원,481.0,,,,,,,2018-08-27
서울특별시,강서구,화곡동,우장,근린공원,359435.2,,,,,,1971.0,2019-03-20
서울특별시,강서구,가양동,궁산,근린공원,135002.7,,,,,,1977.0,2019-03-20
서울특별시,강서구,염창동,염창,근린공원,112070.0,,,,,,1977.0,2019-03-20
서울특별시,강서구,방화동,꿩고개,근린공원,180000.0,,,,,,1977.0,2019-03-20
서울특별시,강서구,화곡동,봉제산,근린공원,917190.0,,,,,,1977.0,2019-03-20
서울특별시,강서구,화곡동,등마루,근린공원,74299.0,,,,,,1977.0,2019-03-20
서울특별시,강서구,가양동,공암나루,근린공원,25680.4,,,,,,1990.0,2019-03-20
서울특별시,강서구,가양동,구암,근린공원,29843.8,,,,,,1990.0,2019-03-20
서울특별시,강서구,가양동,황금내,근린공원,22002.9,,,,,,1990.0,2019-03-20
서울특별시,강서구,등촌동,원당,근린공원,10096.4,,,,,,1990.0,2019-03-20
서울특별시,강서구,등촌동,등촌,근린공원,10051.6,,,,,,1990.0,2019-03-20
서울특별시,강서구,등촌동,서낭당,근린공원,10248.8,,,,,,1990.0,2019-03-20
서울특별시,강서구,방화동,방화,근린공원,72132.0,,,,,,1990.0,2019-03-20
서울특별시,강서구,방화동,옹기골,근린공원,9723.6,,,,,,1990.0,2019-03-20
서울특별시,강서구,등촌동,매화,근린공원,1980.4,,,,,,1997.0,2019-03-20
서울특별시,강서구,화곡동,까치산,근린공원,27658.0,,,,,,1991.0,2019-03-20
서울특별시,강서구,내발산동,수명산,근린공원,83807.1,,,,,,2003.0,2019-03-20
서울특별시,강서구,내발산동,발산,근린공원,17825.5,,,,,,2005.0,2019-03-20
서울특별시,강서구,마곡동,서울식물원,근린공원,503875.0,,,,,,2007.0,2019-03-20
서울특별시,강서구,방화동,마곡나루,근린공원,17283.0,,,,,,2007.0,2019-03-20
서울특별시,강서구,공항동,마곡하늬,근린공원,24597.0,,,,,,2007.0,2019-03-20
서울특별시,강서구,염창동,이수,어린이공원,1805.1,,,,,,,2019-03-20
서울특별시,강서구,염창동,백합,어린이공원,939.3,,,,,,,2019-03-20
서울특별시,강서구,염창동,아리수,어린이공원,862.5,,,,,,,2019-03-20
서울특별시,강서구,등촌동,등서,어린이공원,879.7,,,,,,,2019-03-20
서울특별시,강서구,등촌동,백석,어린이공원,993.6,,,,,,,2019-03-20
서울특별시,강서구,등촌동,등마루,어린이공원,970.9,,,,,,,2019-03-20
서울특별시,강서구,등촌동,도림,어린이공원,1033.8,,,,,,,2019-03-20
서울특별시,강서구,등촌동,능안,어린이공원,853.9,,,,,,,2019-03-20
서울특별시,강서구,등촌동,한마음,어린이공원,1791.8,,,,,,,2019-03-20
서울특별시,강서구,등촌동,새나라,어린이공원,1563.4,,,,,,,2019-03-20
서울특별시,강서구,등촌동,백합,어린이공원,1547.4,,,,,,,2019-03-20
서울특별시,강서구,등촌동,채송화,어린이공원,1544.9,,,,,,,2019-03-20
서울특별시,강서구,등촌동,푸르매,어린이공원,1538.3,,,,,,,2019-03-20
서울특별시,강서구,등촌동,새벗,어린이공원,1565.8,,,,,,,2019-03-20
서울특별시,강서구,등촌동,코끼리,어린이공원,1594.5,,,,,,,2019-03-20
서울특별시,강서구,화곡동,구름,어린이공원,833.0,,,,,,,2019-03-20
서울특별시,강서구,화곡동,볏골,어린이공원,4219.0,,,,,,,2019-03-20
서울특별시,강서구,화곡동,노을,어린이공원,1031.0,,,,,,,2019-03-20
서울특별시,강서구,화곡동,까치산,어린이공원,1805.0,,,,,,,2019-03-20
서울특별시,강서구,화곡동,비둘기,어린이공원,1086.0,,,,,,,2019-03-20
서울특별시,강서구,화곡동,큰별,어린이공원,1067.0,,,,,,,2019-03-20
서울특별시,강서구,화곡동,꿈돌이,어린이공원,1507.0,,,,,,,2019-03-20
서울특별시,강서구,화곡동,소나무,어린이공원,942.0,,,,,,,2019-03-20
서울특별시,강서구,화곡동,산새,어린이공원,539.0,,,,,,,2019-03-20
서울특별시,강서구,화곡동,박장,어린이공원,929.0,,,,,,,2019-03-20
서울특별시,강서구,화곡동,참새,어린이공원,256.0,,,,,,,2019-03-20
서울특별시,강서구,화곡동,한글,어린이공원,965.0,,,,,,,2019-03-20
서울특별시,강서구,화곡동,효심,어린이공원,1056.5,,,,,,,2019-03-20
서울특별시,강서구,화곡동,버들,어린이공원,1087.2,,,,,,,2019-03-20
서울특별시,강서구,화곡동,필마,어린이공원,1615.5,,,,,,,2019-03-20
서울특별시,강서구,화곡동,다운,어린이공원,1290.6,,,,,,,2019-03-20
서울특별시,강서구,화곡동,호돌이,어린이공원,811.6,,,,,,,2019-03-20
서울특별시,강서구,화곡동,곰돌이,어린이공원,1006.9,,,,,,,2019-03-20
서울특별시,강서구,화곡동,골말,어린이공원,977.9,,,,,,,2019-03-20
서울특별시,강서구,화곡동,뜸부기,어린이공원,998.4,,,,,,,2019-03-20
서울특별시,강서구,화곡동,하마터,어린이공원,1026.8,,,,,,,2019-03-20
서울특별시,강서구,화곡동,바탕골,어린이공원,976.6,,,,,,,2019-03-20
서울특별시,강서구,화곡동,미리내,어린이공원,967.5,,,,,,,2019-03-20
서울특별시,강서구,화곡동,수명산,어린이공원,984.9,,,,,,,2019-03-20
서울특별시,강서구,화곡동,대원,어린이공원,276.9,,,,,,,2019-03-20
서울특별시,강서구,화곡동,천사,어린이공원,2395.2,,,,,,,2019-03-20
서울특별시,강서구,화곡동,두레,어린이공원,986.1,,,,,,,2019-03-20
서울특별시,강서구,가양동,나들이,어린이공원,1500.0,,,,,,,2019-03-20
서울특별시,강서구,가양동,아름,어린이공원,1956.0,,,,,,,2019-03-20
서울특별시,강서구,가양동,꽃동네,어린이공원,1510.0,,,,,,,2019-03-20
서울특별시,강서구,가양동,가양,어린이공원,1500.0,,,,,,,2019-03-20
서울특별시,강서구,가양동,엄지,어린이공원,1511.6,,,,,,,2019-03-20
서울특별시,강서구,가양동,무지개,어린이공원,1500.0,,,,,,,2019-03-20
서울특별시,강서구,가양동,풀피리,어린이공원,1562.0,,,,,,,2019-03-20
서울특별시,강서구,가양동,곰돌이,어린이공원,1612.3,,,,,,,2019-03-20
서울특별시,강서구,가양동,비둘기,어린이공원,1622.8,,,,,,,2019-03-20
서울특별시,강서구,가양동,진달래,어린이공원,1500.0,,,,,,,2019-03-20
서울특별시,강서구,내발산동,발음,어린이공원,913.6,,,,,,,2019-03-20
서울특별시,강서구,내발산동,광명,어린이공원,1739.0,,,,,,,2019-03-20
서울특별시,강서구,내발산동,수정,어린이공원,4000.3,,,,,,,2019-03-20
서울특별시,강서구,내발산동,은행나무,어린이공원,1764.4,,,,,,,2019-03-20
서울특별시,강서구,내발산동,신광명,어린이공원,8596.6,,,,,,,2019-03-20
서울특별시,강서구,내발산동,원당,어린이공원,992.0,,,,,,,2019-03-20
서울특별시,강서구,내발산동,가곡,어린이공원,2747.9,,,,,,,2019-03-20
서울특별시,강서구,내발산동,꿈빛,어린이공원,1500.0,,,,,,,2019-03-20
서울특별시,강서구,방화동,쌈지,어린이공원,3973.0,,,,,,,2019-03-20
서울특별시,강서구,방화동,개나리,어린이공원,252.0,,,,,,,2019-03-20
서울특별시,강서구,방화동,긴등,어린이공원,253.0,,,,,,,2019-03-20
서울특별시,강서구,방화동,문성,어린이공원,254.0,,,,,,,2019-03-20
서울특별시,강서구,방화동,새싹,어린이공원,334.0,,,,,,,2019-03-20
서울특별시,강서구,방화동,도레미,어린이공원,6649.0,,,,,,,2019-03-20
서울특별시,강서구,방화동,들꽃,어린이공원,705.0,,,,,,,2019-03-20
서울특별시,강서구,방화동,봉선화,어린이공원,552.0,,,,,,,2019-03-20
서울특별시,강서구,방화동,민들레,어린이공원,589.0,,,,,,,2019-03-20
서울특별시,강서구,방화동,내촌,어린이공원,1149.0,,,,,,,2019-03-20
서울특별시,강서구,방화동,신대부석,어린이공원,1132.0,,,,,,,2019-03-20
서울특별시,강서구,방화동,목련,어린이공원,251.0,,,,,,,2019-03-20
서울특별시,강서구,방화동,샛별,어린이공원,294.0,,,,,,,2019-03-20
서울특별시,강서구,방화동,새싹,어린이공원,4939.0,,,,,,,2019-03-20
서울특별시,강서구,방화동,은하수,어린이공원,3825.8,,,,,,,2019-03-20
서울특별시,강서구,방화동,능말,어린이공원,1520.7,,,,,,,2019-03-20
서울특별시,강서구,방화동,메아리,어린이공원,1511.6,,,,,,,2019-03-20
서울특별시,강서구,방화동,느티,어린이공원,1512.9,,,,,,,2019-03-20
서울특별시,강서구,방화동,돌샘,어린이공원,1500.3,,,,,,,2019-03-20
서울특별시,강서구,방화동,꿈나무,어린이공원,1500.2,,,,,,,2019-03-20
서울특별시,강서구,방화동,개화,어린이공원,1512.2,,,,,,,2019-03-20
서울특별시,강서구,공항동,긴등마을,어린이공원,1645.3,,,,,,,2019-03-20
서울특별시,강서구,공항동,꿈자람,어린이공원,2014.0,,,,,,,2019-03-20
서울특별시,강서구,공항동,다솜,어린이공원,511.0,,,,,,,2019-03-20
서울특별시,강서구,공항동,풀잎,어린이공원,1945.0,,,,,,,2019-03-20
서울특별시,강서구,마곡동,푸르미,어린이공원,1494.0,,,,,,,2019-03-20
서울특별시,강서구,마곡동,예솔,어린이공원,864.0,,,,,,,2019-03-20
서울특별시,강서구,내발산동,햇빛,어린이공원,2066.0,,,,,,,2019-03-20
부산광역시,수영구,망미동,강변공원,어린이공원,1316.0,,,,,,2009.0,2018-09-01
부산광역시,수영구,망미동,과정공원,어린이공원,631.0,,,,,,2012.0,2018-09-01
부산광역시,수영구,광안동,파랑새공원,어린이공원,827.7,,,,,,2015.0,2018-09-01
부산광역시,수영구,수영동,수영공원,근린공원,23284.0,,,,,,1996.0,2018-09-01
부산광역시,수영구,망미동,햇살공원,어린이공원,633.0,,,,,,2003.0,2018-09-01
부산광역시,수영구,광안동,광안공원,근린공원,65280.0,,,,,,1996.0,2018-09-01
부산광역시,수영구,민락동,널구지공원,어린이공원,1500.0,,,,,,1996.0,2018-09-01
부산광역시,수영구,민락동,수변공원,어린이공원,4189.0,,,,,,2003.0,2018-09-01
부산광역시,수영구,광안동,호암공원,근린공원,5048.0,,,,,,2005.0,2018-09-01
부산광역시,수영구,망미동,망미공원,근린공원,7789.0,,,,,,2007.0,2018-09-01
부산광역시,수영구,망미동,망미공원,어린이공원,2226.0,,,,,,2007.0,2018-09-01
부산광역시,수영구,남천동,늘푸른공원,어린이공원,2045.0,,,,,,2009.0,2018-09-01
부산광역시,수영구,민락동,백산어린이공원,어린이공원,2535.0,,,,,,2007.0,2018-09-01
부산광역시,수영구,광안동,광안1동 소공원,소공원,22.0,,,,,,2013.0,2018-09-01
부산광역시,사상구,모라동,모라어울림공원,어린이공원,1558.0,,조합놀이대 1점,,,파고라 외 9종 27점,1968.0,2019-03-21
부산광역시,사상구,모라동,야시곡공원,어린이공원,2424.0,,조합놀이대 외 2종 5점,,,파고라 외 10종 15점,1985.0,2019-03-21
부산광역시,사상구,모라동,곡상골공원,어린이공원,830.0,,조합놀이대 외 2종 4점,,,파고라 외 9종 19점,1985.0,2019-03-21
부산광역시,사상구,모라동,고동바위공원,어린이공원,1684.0,,조합놀이대 외 3종 5점,,,파고라 외 10종 22점,1985.0,2019-03-21
부산광역시,사상구,모라동,운수공원,어린이공원,1536.0,농구대 2점,조합놀이대 외 2종 3점,,,파고라 외 5종 18점,1990.0,2019-03-21
부산광역시,사상구,모라동,모라백양공원,어린이공원,2404.0,농구대 외 1종 2점,조합놀이대 외 2종 2점,,,파고라 외 5종 23점,1990.0,2019-03-21
부산광역시,사상구,모라동,서당골공원,어린이공원,6092.0,농구대 2점,조합놀이대 외 8종 11점,,,파고라 외 6종 46점,1990.0,2019-03-21
부산광역시,사상구,덕포동,덕포공원,어린이공원,1670.0,,조합놀이대 1점,,,파고라 외 12종 24점,1968.0,2019-03-21
부산광역시,사상구,덕포동,덕포체육공원,어린이공원,4574.0,농구대 1점,조합놀이대 외 1종 2점,,,파고라 외 19종 47점,1985.0,2019-03-21
부산광역시,사상구,덕포동,덕포백양공원,어린이공원,1602.0,,조합놀이대 외 4종 6점,,,파고라 외 7종 19점,1985.0,2019-03-21
부산광역시,사상구,괘법동,창날공원,어린이공원,1690.0,,조합놀이대 외 1종 2점,,,등의자 외 8종 12점,1968.0,2019-03-21
부산광역시,사상구,주례동,창신공원,어린이공원,1507.0,농구대 1점,조합놀이대 외 1종 2점,,,파고라 외 17종 36점,1984.0,2019-03-21
부산광역시,사상구,주례동,양지1공원,어린이공원,2298.0,농구대 2점,조합놀이대 외 2종 5점,,,파고라 외 15종 40점,1984.0,2019-03-21
부산광역시,사상구,주례동,양지2공원,어린이공원,2261.0,,조합놀이대 외 1종 2점,,,파고라 외 10종 24점,1984.0,2019-03-21
부산광역시,사상구,주례동,주례백양공원,어린이공원,1500.0,농구대 2점,조합놀이대 외 1종 2점,,,파고라 외 9종 24점,1984.0,2019-03-21
부산광역시,사상구,주례동,다솜공원,어린이공원,452.0,,조합놀이대 1점,,,연식의자 외 2종 3점,1994.0,2019-03-21
부산광역시,사상구,주례동,새싹공원,어린이공원,208.0,,시소 외 1종 2점,,,등의자 외 1종 3점,1994.0,2019-03-21
부산광역시,사상구,학장동,구덕공원,어린이공원,2337.0,,조합놀이대 외 1종 4점,,,파고라 외 11종 35점,1990.0,2019-03-21
부산광역시,사상구,학장동,구학공원,어린이공원,3213.0,,조합놀이대 외 1종 2점,,,파고라 외 9종 24점,1990.0,2019-03-21
부산광역시,사상구,엄궁동,장밭갓공원,어린이공원,3883.0,,조합놀이대 외 1종 2점,,,평의자 외 9종 21점,1996.0,2019-03-21
부산광역시,사상구,엄궁동,절골공원,어린이공원,2047.0,,조합놀이대 외 1종 3점,,,파고라 외 4종 16점,1996.0,2019-03-21
부산광역시,사상구,엄궁동,다온공원,어린이공원,1532.0,,조합놀이대 외 3종 4점,,,파고라 외 7종 19점,1996.0,2019-03-21
부산광역시,사상구,엄궁동,보듬공원,어린이공원,1500.0,,조합놀이대 1점,,,파고라 외 9종 19점,1996.0,2019-03-21
부산광역시,사상구,엄궁동,도담공원,어린이공원,2305.0,,조합놀이대 외 2종 3점,,,파고라 외 4종 14점,1996.0,2019-03-21
부산광역시,사상구,엄궁동,나라어린이공원,어린이공원,2770.0,,조합놀이대 1점,,,파고라 외 8점 12점,1996.0,2019-03-21
부산광역시,사상구,괘법동,사상공원,근린공원,622916.0,,모험시설 등 22종 23점,,,파고라 외 9종 84점,1972.0,2019-03-21
부산광역시,사상구,엄궁동,해름소공원,소공원,835.0,,,,,파고라 외 4종 14점,2008.0,2019-03-21
부산광역시,사상구,모라동,모라벤처타워공원,소공원,735.8,,,,,평의자 외 2종 12점,2012.0,2019-03-21
부산광역시,사상구,주례동,주감공원,소공원,1250.0,,,,,파고라 외 4종 7점,2013.0,2019-03-21
부산광역시,사상구,덕포동,문화공원,문화공원,3160.0,,,,,,2017.0,2019-03-21
서울특별시,구로구,신도림동,미래사랑어린이공원,어린이공원,5870.0,체력단련시설 5점,조합놀이 1기,,,,2004.0,2019-02-25
서울특별시,구로구,신도림동,신도림역문화공원,문화공원,3322.0,,,,,,2006.0,2019-02-25
서울특별시,구로구,신도림동,신도림어린이공원,어린이공원,2292.0,체력단련시설 6점,모래밭 1기,,,,2000.0,2019-02-25
서울특별시,구로구,구로동,희망어린이공원,어린이공원,911.0,체력단련시설 3점,"그네 1기, 조합놀이 1기",,,,1965.0,2019-02-25
서울특별시,구로구,구로동,꿈마을어린이공원,어린이공원,1609.0,체력단련시설 6점,"모래밭 1기, 시소1기, 조합놀이 1기",,,,1970.0,2019-02-25
서울특별시,구로구,구로동,구로리어린이공원,어린이공원,7782.0,체력단련시설 9점,"그네 1기, 모래밭 1기, 시소 2기, 조합놀이 1기",,,,1977.0,2019-02-25
서울특별시,구로구,구로동,솔길어린이공원,어린이공원,1999.0,체력단련시설 5점,"그네 1기, 모래밭 1기, 조합놀이 2기",,,,1981.0,2019-02-25
서울특별시,구로구,구로동,화원어린이공원,어린이공원,4544.0,체력단련시설 5점,"모래밭 1기, 시소 1기, 조합놀이 1기",,,,1981.0,2019-02-25
서울특별시,구로구,구로동,삼각어린이공원,어린이공원,2634.0,체력단련시설 3점,"그네 1기, 모래밭 1기, 시소 1기, 조합놀이 1기",,,,1982.0,2019-02-25
서울특별시,구로구,구로동,구로근린공원,근린공원,7901.0,체력단련시설 5점,조합놀이 1기,"주차장 1개소, 화장실 1개소, 음수대 1기","도서관 1개소, 문화회관 1개소",,1982.0,2019-02-25
서울특별시,구로구,구로동,환경어린이공원,어린이공원,528.0,체력단련시설 2점,"시소 1기, 조합놀이 1기",,,,1990.0,2019-02-25
서울특별시,구로구,구로동,애경어린이공원,어린이공원,2996.0,체력단련시설 6점,"그네 1기, 조합놀이 1기",,,,2002.0,2019-02-25
서울특별시,구로구,구로동,테크노근린공원,근린공원,10482.0,체력단련시설 6점,,음수대 2기,,,2005.0,2019-02-25
서울특별시,구로구,구로동,구로동(다울)소공원,소공원,243.0,체력단련시설 4점,,,,,2008.0,2019-02-25
서울특별시,구로구,고척동,도레미어린이공원,어린이공원,326.0,체력단련시설 3점,조합놀이 1기,,,,1970.0,2019-02-25
서울특별시,구로구,고척동,계남근린공원,근린공원,158814.0,"운동장 1개소, 테니스장 1개소, 체력단력시설 95점",,음수대 1기,,,1971.0,2019-02-25
서울특별시,구로구,고척동,고척근린공원,근린공원,108120.0,"운동장 1개소, 테니스장 1개소, 수영장 1개소, 배드민턴 2개소, 게이트볼 1개소, 체력단력시설 56점","모래밭 2기, 시소 1기, 조합놀이 3기","주차장 1개소, 화장실 1개소, 공중전화 3기, 음수대 6기, 시계탑 2기",도서관 1개소,,1977.0,2019-02-25
서울특별시,구로구,고척동,골목어린이공원,어린이공원,266.0,체력단련시설 2점,"그네 1기, 모래밭 1기, 조합놀이 1기",,,,1978.0,2019-02-25
서울특별시,구로구,고척동,능골어린이공원,어린이공원,357.0,체력단련시설 6점,"시소 1기, 조합놀이 1기",,,,1979.0,2019-02-25
서울특별시,구로구,고척동,오금어린이공원,어린이공원,348.0,체력단련시설 3점,"모래밭 1기, 조합놀이 1기",,,,1980.0,2019-02-25
서울특별시,구로구,고척동,덕의근린공원,근린공원,5565.0,체력단련시설 12점,,"음수대1기, 화장실 1개소",,,2001.0,2019-02-25
서울특별시,구로구,고척동,현화소공원,소공원,720.0,체력단련시설 7점,,,,,2005.0,2019-02-25
서울특별시,구로구,고척동,무궁화소공원,소공원,1166.0,체력단련시설 3점,,,,,2006.0,2019-02-25
서울특별시,구로구,개봉동,개웅어린이공원,어린이공원,1797.0,체력단련시설 3점,"모래밭 1기, 시소 1기, 조합놀이 2기",화장실 1개소,,,1970.0,2019-02-25
서울특별시,구로구,개봉동,소막골어린이공원,어린이공원,516.0,체력단련시설 3점,조합놀이 1기,,,,1978.0,2019-02-25
서울특별시,구로구,개봉동,절골어린이공원,어린이공원,369.0,체력단련시설 4점,"모래밭 1기, 조합놀이 1기",,,,1978.0,2019-02-25
서울특별시,구로구,개봉동,가린열어린이공원,어린이공원,333.0,체력단련시설 3점,조합놀이 1기,,,,1979.0,2019-02-25
서울특별시,구로구,개봉동,개봉소공원,소공원,3023.0,,,,,,2008.0,2019-02-25
서울특별시,구로구,개봉동,개웅소공원,소공원,657.0,체력단련시설 5점,조합놀이 1기,,,,2010.0,2019-02-25
서울특별시,구로구,오류동,온수도시자연공원,기타,1097565.0,"운동장3개소, 배드민턴 2개소, 체력단련시설 84점",,샘터 3개소,,,1971.0,2019-02-25
서울특별시,구로구,오류동,개웅산근린공원,근린공원,411972.0,"배드민턴장 1개소, 체력단련시설 65점",,샘터 1개소,,,1971.0,2019-02-25
서울특별시,구로구,오류동,오동나무어린이공원,어린이공원,1815.0,,"조합놀이 1기, 흔들놀이 6기, 시소 1기",,,,2004.0,2019-02-25
서울특별시,구로구,온수동,온수어린이공원,어린이공원,475.0,체력단련시설 2점,"모래밭 1기, 시소 1기, 조합놀이 1기",,,,1978.0,2019-02-25
서울특별시,구로구,온수동,와룡소공원,소공원,2500.0,체력단련시설 4점,,,,,2008.0,2019-02-25
서울특별시,구로구,온수동,갈매소공원,소공원,3200.0,체력단련시설 8점,,,,,2008.0,2019-02-25
서울특별시,구로구,궁동,삭새어린이공원,어린이공원,2077.0,체력단련시설 11점,"모래밭 1기, 조합놀이 1기",,,,1979.0,2019-02-25
서울특별시,구로구,궁동,수른어린이공원,어린이공원,332.0,체력단련시설 2점,조합놀이 1기,,,,1991.0,2019-02-25
서울특별시,구로구,천왕동,천왕도시자연공원,기타,587860.0,"운동장 1개소, 배드민턴 2개소, 체력단력시설 14점",,"샘터 1개소, 파고라 1동",,,1971.0,2019-02-25
서울특별시,구로구,천왕동,연지근린공원,근린공원,44478.0,체력단련시설 15점,,,,,2004.0,2019-02-25
서울특별시,구로구,천왕동,버들어린이공원,어린이공원,6167.0,,"조합놀이 2기, 흔들놀이 6기, 시소 1기, 그네 1기",,,,2004.0,2019-02-25
서울특별시,구로구,천왕동,천왕근린공원,근린공원,33677.0,체력단련시설 9점,,,,,2004.0,2019-02-25
서울특별시,구로구,천왕동,천왕역소공원,소공원,1712.0,,,,,,2006.0,2019-02-25
서울특별시,구로구,천왕동,이펜시아어린이공원,어린이공원,1500.0,,조합놀이 1기,,,,2006.0,2019-02-25
서울특별시,구로구,천왕동,개명소공원,소공원,5415.0,,,,,,2006.0,2019-02-25
서울특별시,구로구,천왕동,봉화대근린공원,근린공원,60975.0,,,,,,2006.0,2019-02-25
서울특별시,구로구,항동,푸른수목원,근린공원,100809.0,,,,,,2005.0,2019-02-25
서울특별시,구로구,오류동,오류동역문화공원,문화공원,7510.0,,,,,,2013.0,2019-02-25
